Resultado,Pedra,Hora
"34.474,00",13,"
        15:03
      "
"25.650,00",6,"
        15:02
      "
"35.538,00",13,"
        15:02
      "
"31.602,00",13,"
        15:01
      "
"12.700,00",14,"
        13:17
      "
"14.573,00",8,"
        13:16
      "
"10.242,00",2,"
        13:16
      "
"15.763,00",14,"
        13:15
      "
"10.560,00",12,"
        13:15
      "
"15.402,00",13,"
        13:14
      "
"9.506,00",12,"
        13:14
      "
"15.616,00",6,"
        13:13
      "
"15.129,00",1,"
        13:13
      "
"16.511,00",6,"
        13:12
      "
"11.984,00",2,"
        13:11
      "
"14.741,00",9,"
        13:11
      "
"9.429,00",1,"
        13:10
      "
"13.791,00",9,"
        13:10
      "
"12.858,00",11,"
        13:09
      "
"5.165,00",7,"
        13:09
      "
"18.754,00",11,"
        13:08
      "
"15.527,00",14,"
        13:08
      "
"16.390,00",13,"
        13:07
      "
"18.384,00",11,"
        13:07
      "
"10.385,00",10,"
        13:06
      "
"10.576,00",13,"
        13:06
      "
"11.876,00",10,"
        13:05
      "
"10.675,00",14,"
        13:04
      "
"12.557,00",7,"
        13:04
      "
"10.974,00",12,"
        13:03
      "
"11.034,00",5,"
        13:03
      "
"13.999,00",14,"
        13:02
      "
"14.229,00",5,"
        13:02
      "
"8.916,00",12,"
        13:01
      "
"15.599,00",5,"
        13:01
      "
"7.923,00",6,"
        13:00
      "
"19.229,00",11,"
        13:00
      "
"-182.299,00",0,"
        12:59
      "
"10.696,00",12,"
        12:59
      "
"2.528,00",4,"
        12:58
      "
"7.458,00",11,"
        12:58
      "
"11.040,00",7,"
        12:57
      "
"13.355,00",14,"
        12:57
      "
"7.233,00",2,"
        12:56
      "
"13.338,00",13,"
        12:56
      "
"13.092,00",8,"
        12:55
      "
"13.786,00",13,"
        12:55
      "
"11.542,00",1,"
        12:54
      "
"15.647,00",14,"
        12:54
      "
"11.471,00",14,"
        12:53
      "
"12.651,00",8,"
        12:53
      "
"15.211,00",1,"
        12:52
      "
"7.763,00",5,"
        12:52
      "
"18.045,00",13,"
        12:51
      "
"19.683,00",14,"
        12:51
      "
"19.492,00",12,"
        12:50
      "
"24.155,00",11,"
        12:50
      "
"16.303,00",13,"
        12:49
      "
"7.884,00",14,"
        12:49
      "
"18.684,00",4,"
        12:48
      "
"14.616,00",3,"
        12:48
      "
"17.106,00",8,"
        12:47
      "
"10.303,00",4,"
        12:47
      "
"15.042,00",9,"
        12:46
      "
"12.475,00",8,"
        12:46
      "
"13.082,00",1,"
        12:45
      "
"16.182,00",5,"
        12:45
      "
"-157.377,00",0,"
        12:44
      "
"14.605,00",13,"
        12:44
      "
"4.073,00",8,"
        12:43
      "
"18.481,00",6,"
        12:43
      "
"18.979,00",5,"
        12:42
      "
"17.838,00",4,"
        12:42
      "
"14.059,00",6,"
        12:41
      "
"14.643,00",6,"
        12:41
      "
"12.159,00",4,"
        12:40
      "
"10.625,00",2,"
        12:40
      "
"13.022,00",10,"
        12:39
      "
"9.708,00",12,"
        12:39
      "
"8.490,00",12,"
        12:38
      "
"16.680,00",5,"
        12:38
      "
"13.087,00",5,"
        12:37
      "
"12.695,00",3,"
        12:37
      "
"7.136,00",4,"
        12:36
      "
"19.088,00",8,"
        12:36
      "
"14.834,00",12,"
        12:35
      "
"12.383,00",9,"
        12:35
      "
"12.366,00",7,"
        12:34
      "
"14.889,00",5,"
        12:34
      "
"9.046,00",9,"
        12:33
      "
"15.347,00",3,"
        12:33
      "
"15.145,00",2,"
        12:32
      "
"13.988,00",7,"
        12:32
      "
"16.402,00",7,"
        12:31
      "
"-339,00",2,"
        12:31
      "
"22.795,00",8,"
        12:30
      "
"22.981,00",8,"
        12:30
      "
"17.510,00",9,"
        12:29
      "
"15.752,00",14,"
        12:29
      "
"14.894,00",9,"
        12:28
      "
"15.615,00",9,"
        12:28
      "
"-155.668,00",0,"
        12:27
      "
"12.105,00",8,"
        12:27
      "
"10.116,00",7,"
        12:26
      "
"13.043,00",13,"
        12:26
      "
"6.350,00",11,"
        12:25
      "
"18.416,00",5,"
        12:25
      "
"11.799,00",7,"
        12:24
      "
"10.205,00",2,"
        12:24
      "
"9.571,00",5,"
        12:23
      "
"9.281,00",12,"
        12:23
      "
"7.431,00",1,"
        12:22
      "
"8.506,00",7,"
        12:22
      "
"13.928,00",6,"
        12:21
      "
"9.385,00",14,"
        12:21
      "
"14.714,00",5,"
        12:20
      "
"13.065,00",3,"
        12:20
      "
"15.993,00",3,"
        12:19
      "
"7.442,00",4,"
        12:19
      "
"6.902,00",12,"
        12:18
      "
"16.292,00",7,"
        12:18
      "
"12.078,00",14,"
        12:17
      "
"6.294,00",2,"
        12:17
      "
"12.537,00",14,"
        12:16
      "
"-7.634,00",14,"
        12:16
      "
"20.824,00",2,"
        12:15
      "
"17.040,00",11,"
        12:15
      "
"13.103,00",10,"
        12:14
      "
"8.398,00",6,"
        12:14
      "
"10.265,00",10,"
        12:13
      "
"9.724,00",14,"
        12:13
      "
"8.381,00",12,"
        12:12
      "
"11.766,00",7,"
        12:12
      "
"-151.745,00",0,"
        12:11
      "
"9.073,00",5,"
        12:11
      "
"18.498,00",10,"
        12:10
      "
"11.842,00",9,"
        12:10
      "
"10.176,00",12,"
        12:09
      "
"8.403,00",9,"
        12:09
      "
"18.640,00",4,"
        12:08
      "
"17.947,00",2,"
        12:08
      "
"7.600,00",5,"
        12:07
      "
"11.618,00",10,"
        12:07
      "
"8.757,00",1,"
        12:06
      "
"9.931,00",11,"
        12:06
      "
"10.423,00",9,"
        12:05
      "
"17.756,00",5,"
        12:05
      "
"21.762,00",6,"
        12:04
      "
"9.396,00",4,"
        12:04
      "
"18.242,00",1,"
        12:03
      "
"18.712,00",10,"
        12:02
      "
"16.384,00",5,"
        12:02
      "
"17.842,00",5,"
        12:01
      "
"5.808,00",5,"
        12:01
      "
"18.143,00",13,"
        12:00
      "
"21.382,00",11,"
        12:00
      "
"19.846,00",10,"
        11:59
      "
"19.950,00",11,"
        11:59
      "
"15.904,00",11,"
        11:58
      "
"18.842,00",4,"
        11:58
      "
"12.214,00",14,"
        11:57
      "
"19.540,00",3,"
        11:57
      "
"11.105,00",6,"
        11:56
      "
"7.234,00",7,"
        11:56
      "
"9.926,00",12,"
        11:55
      "
"7.775,00",12,"
        11:55
      "
"10.248,00",2,"
        11:54
      "
"10.412,00",6,"
        11:54
      "
"6.415,00",9,"
        11:53
      "
"13.982,00",7,"
        11:53
      "
"15.943,00",2,"
        11:52
      "
"9.489,00",11,"
        11:52
      "
"10.247,00",3,"
        11:51
      "
"12.459,00",7,"
        11:51
      "
"11.881,00",8,"
        11:50
      "
"8.931,00",12,"
        11:50
      "
"14.234,00",1,"
        11:49
      "
"13.530,00",7,"
        11:49
      "
"13.540,00",3,"
        11:48
      "
"-111.112,00",0,"
        11:48
      "
"8.659,00",6,"
        11:47
      "
"11.641,00",12,"
        11:47
      "
"3.313,00",6,"
        11:46
      "
"19.672,00",12,"
        11:46
      "
"18.290,00",9,"
        11:45
      "
"16.636,00",13,"
        11:45
      "
"9.550,00",9,"
        11:44
      "
"7.709,00",9,"
        11:44
      "
"6.857,00",5,"
        11:43
      "
"12.405,00",3,"
        11:43
      "
"-127.155,00",0,"
        11:42
      "
"10.444,00",14,"
        11:42
      "
"15.320,00",13,"
        11:41
      "
"12.274,00",14,"
        11:41
      "
"11.405,00",11,"
        11:40
      "
"11.699,00",4,"
        11:40
      "
"20.266,00",9,"
        11:39
      "
"-967,00",3,"
        11:39
      "
"19.760,00",9,"
        11:38
      "
"12.076,00",13,"
        11:38
      "
"17.963,00",2,"
        11:37
      "
"9.369,00",7,"
        11:37
      "
"6.475,00",13,"
        11:36
      "
"14.654,00",7,"
        11:36
      "
"6.093,00",12,"
        11:35
      "
"13.851,00",5,"
        11:35
      "
"14.332,00",13,"
        11:34
      "
"8.463,00",13,"
        11:34
      "
"8.326,00",7,"
        11:33
      "
"11.220,00",8,"
        11:33
      "
"-112.116,00",0,"
        11:32
      "
"13.158,00",4,"
        11:32
      "
"7.480,00",1,"
        11:31
      "
"7.681,00",14,"
        11:31
      "
"12.940,00",3,"
        11:30
      "
"-102.264,00",0,"
        11:30
      "
"7.971,00",9,"
        11:29
      "
"15.462,00",7,"
        11:29
      "
"14.333,00",2,"
        11:28
      "
"6.688,00",3,"
        11:28
      "
"18.635,00",12,"
        11:27
      "
"3.221,00",10,"
        11:27
      "
"3.898,00",4,"
        11:26
      "
"4.886,00",9,"
        11:26
      "
"6.060,00",7,"
        11:25
      "
"13.284,00",10,"
        11:25
      "
"-118.164,00",0,"
        11:24
      "
"6.661,00",13,"
        11:24
      "
"7.819,00",8,"
        11:23
      "
"6.404,00",1,"
        11:23
      "
"13.818,00",12,"
        11:22
      "
"9.467,00",10,"
        11:22
      "
"11.760,00",14,"
        11:21
      "
"6.437,00",7,"
        11:21
      "
"12.956,00",12,"
        11:20
      "
"8.429,00",13,"
        11:20
      "
"10.155,00",4,"
        11:19
      "
"9.801,00",2,"
        11:19
      "
"9.254,00",10,"
        11:18
      "
"7.971,00",4,"
        11:18
      "
"10.231,00",6,"
        11:17
      "
"4.515,00",9,"
        11:17
      "
"11.433,00",5,"
        11:16
      "
"9.315,00",5,"
        11:16
      "
"6.798,00",4,"
        11:15
      "
"12.318,00",8,"
        11:15
      "
"9.205,00",11,"
        11:14
      "
"7.212,00",3,"
        11:14
      "
"3.882,00",9,"
        11:13
      "
"13.328,00",6,"
        11:13
      "
"12.994,00",1,"
        11:12
      "
"8.081,00",6,"
        11:12
      "
"13.289,00",5,"
        11:11
      "
"9.778,00",3,"
        11:11
      "
"10.554,00",11,"
        11:10
      "
"-230,00",7,"
        11:10
      "
"11.929,00",12,"
        11:09
      "
"10.712,00",11,"
        11:09
      "
"6.760,00",8,"
        11:08
      "
"13.464,00",5,"
        11:08
      "
"8.834,00",1,"
        11:07
      "
"10.832,00",2,"
        11:07
      "
"2.702,00",10,"
        11:06
      "
"8.326,00",7,"
        11:06
      "
"6.349,00",8,"
        11:05
      "
"12.050,00",5,"
        11:05
      "
"9.861,00",14,"
        11:04
      "
"5.236,00",4,"
        11:04
      "
"14.747,00",10,"
        11:03
      "
"15.845,00",8,"
        11:03
      "
"11.574,00",8,"
        11:02
      "
"14.474,00",7,"
        11:02
      "
"7.808,00",8,"
        11:01
      "
"14.676,00",6,"
        11:01
      "
"14.081,00",2,"
        11:00
      "
"14.185,00",6,"
        11:00
      "
"-168.885,00",0,"
        10:59
      "
"12.071,00",13,"
        10:59
      "
"8.611,00",2,"
        10:58
      "
"19.169,00",13,"
        10:58
      "
"18.509,00",11,"
        10:57
      "
"11.340,00",8,"
        10:57
      "
"15.827,00",6,"
        10:56
      "
"8.299,00",3,"
        10:56
      "
"12.863,00",13,"
        10:55
      "
"12.934,00",5,"
        10:55
      "
"6.944,00",9,"
        10:54
      "
"15.451,00",5,"
        10:54
      "
"13.683,00",1,"
        10:53
      "
"12.727,00",7,"
        10:53
      "
"5.432,00",9,"
        10:52
      "
"10.318,00",5,"
        10:52
      "
"8.921,00",7,"
        10:51
      "
"13.339,00",14,"
        10:51
      "
"8.769,00",12,"
        10:50
      "
"9.128,00",1,"
        10:50
      "
"14.544,00",11,"
        10:49
      "
"14.425,00",9,"
        10:49
      "
"10.417,00",11,"
        10:48
      "
"10.018,00",1,"
        10:48
      "
"7.262,00",2,"
        10:47
      "
"10.002,00",9,"
        10:47
      "
"11.940,00",9,"
        10:46
      "
"7.353,00",12,"
        10:46
      "
"7.223,00",14,"
        10:45
      "
"14.135,00",6,"
        10:45
      "
"8.801,00",1,"
        10:44
      "
"8.113,00",3,"
        10:44
      "
"6.508,00",2,"
        10:43
      "
"7.633,00",12,"
        10:43
      "
"5.285,00",9,"
        10:42
      "
"12.815,00",5,"
        10:42
      "
"11.825,00",1,"
        10:41
      "
"13.454,00",7,"
        10:41
      "
"7.813,00",13,"
        10:40
      "
"8.081,00",2,"
        10:40
      "
"8.686,00",3,"
        10:39
      "
"3.876,00",5,"
        10:39
      "
"10.919,00",9,"
        10:38
      "
"10.309,00",13,"
        10:38
      "
"6.688,00",13,"
        10:37
      "
"5.891,00",8,"
        10:37
      "
"10.265,00",1,"
        10:36
      "
"4.618,00",1,"
        10:36
      "
"7.877,00",9,"
        10:35
      "
"8.179,00",8,"
        10:35
      "
"1.414,00",6,"
        10:34
      "
"6.054,00",12,"
        10:34
      "
"6.115,00",11,"
        10:33
      "
"7.251,00",2,"
        10:33
      "
"11.788,00",9,"
        10:32
      "
"13.748,00",12,"
        10:32
      "
"13.404,00",1,"
        10:31
      "
"9.364,00",10,"
        10:31
      "
"16.194,00",3,"
        10:30
      "
"16.859,00",6,"
        10:30
      "
"8.762,00",2,"
        10:29
      "
"16.772,00",10,"
        10:29
      "
"6.186,00",14,"
        10:28
      "
"8.064,00",3,"
        10:28
      "
"15.965,00",11,"
        10:27
      "
"12.209,00",6,"
        10:27
      "
"4.651,00",14,"
        10:26
      "
"10.024,00",2,"
        10:26
      "
"11.487,00",3,"
        10:25
      "
"7.616,00",6,"
        10:25
      "
"12.279,00",2,"
        10:24
      "
"7.682,00",4,"
        10:24
      "
"10.908,00",12,"
        10:23
      "
"11.711,00",8,"
        10:23
      "
"3.724,00",8,"
        10:22
      "
"8.905,00",4,"
        10:22
      "
"12.192,00",10,"
        10:21
      "
"-92.547,00",0,"
        10:21
      "
"4.324,00",8,"
        10:20
      "
"8.473,00",1,"
        10:20
      "
"6.989,00",12,"
        10:19
      "
"8.255,00",7,"
        10:19
      "
"-128.355,00",0,"
        10:18
      "
"8.894,00",14,"
        10:18
      "
"4.209,00",5,"
        10:17
      "
"-847,00",3,"
        10:17
      "
"12.596,00",1,"
        10:16
      "
"4.461,00",14,"
        10:16
      "
"7.376,00",10,"
        10:15
      "
"-1.180,00",4,"
        10:15
      "
"17.996,00",2,"
        10:14
      "
"174,00",4,"
        10:14
      "
"-7.715,00",14,"
        10:13
      "
"11.209,00",2,"
        10:13
      "
"10.449,00",14,"
        10:12
      "
"7.059,00",5,"
        10:12
      "
"7.748,00",9,"
        10:11
      "
"-109.771,00",0,"
        10:11
      "
"5.438,00",11,"
        10:10
      "
"7.059,00",10,"
        10:10
      "
"5.881,00",14,"
        10:09
      "
"7.802,00",1,"
        10:09
      "
"7.311,00",6,"
        10:08
      "
"2.315,00",4,"
        10:08
      "
"12.939,00",9,"
        10:07
      "
"7.545,00",2,"
        10:07
      "
"2.320,00",8,"
        10:06
      "
"12.782,00",8,"
        10:06
      "
"-106.809,00",0,"
        10:05
      "
"10.947,00",3,"
        10:05
      "
"2.631,00",2,"
        10:04
      "
"8.075,00",13,"
        10:04
      "
"5.323,00",6,"
        10:03
      "
"5.961,00",14,"
        10:03
      "
"8.997,00",3,"
        10:02
      "
"11.253,00",6,"
        10:02
      "
"5.907,00",11,"
        10:01
      "
"10.286,00",3,"
        10:01
      "
"2.140,00",5,"
        10:00
      "
"9.155,00",14,"
        10:00
      "
"12.137,00",13,"
        09:59
      "
"6.869,00",1,"
        09:59
      "
"9.664,00",12,"
        09:58
      "
"9.347,00",9,"
        09:58
      "
"-87.194,00",0,"
        09:57
      "
"23.734,00",10,"
        09:57
      "
"12.814,00",6,"
        09:56
      "
"7.944,00",4,"
        09:56
      "
"-220,00",13,"
        09:55
      "
"21.452,00",12,"
        09:55
      "
"10.630,00",14,"
        09:54
      "
"7.104,00",4,"
        09:54
      "
"8.916,00",14,"
        09:53
      "
"-107.020,00",0,"
        09:53
      "
"-68.890,00",0,"
        09:52
      "
"11.007,00",4,"
        09:52
      "
"6.945,00",4,"
        09:51
      "
"14.496,00",11,"
        09:51
      "
"9.418,00",7,"
        09:50
      "
"3.575,00",13,"
        09:50
      "
"14.059,00",10,"
        09:49
      "
"8.233,00",6,"
        09:49
      "
"3.134,00",1,"
        09:48
      "
"7.895,00",9,"
        09:48
      "
"8.583,00",13,"
        09:47
      "
"4.253,00",8,"
        09:47
      "
"9.287,00",8,"
        09:46
      "
"4.624,00",14,"
        09:46
      "
"7.884,00",3,"
        09:45
      "
"10.592,00",7,"
        09:45
      "
"8.129,00",7,"
        09:44
      "
"5.225,00",3,"
        09:44
      "
"18.115,00",2,"
        09:43
      "
"11.597,00",8,"
        09:43
      "
"6.284,00",10,"
        09:42
      "
"6.568,00",2,"
        09:42
      "
"10.783,00",2,"
        09:41
      "
"5.606,00",2,"
        09:41
      "
"5.935,00",9,"
        09:40
      "
"8.649,00",4,"
        09:40
      "
"-88.108,00",0,"
        09:39
      "
"5.722,00",6,"
        09:39
      "
"7.868,00",1,"
        09:38
      "
"4.603,00",12,"
        09:38
      "
"11.072,00",5,"
        09:37
      "
"2.298,00",2,"
        09:37
      "
"6.748,00",13,"
        09:36
      "
"9.691,00",1,"
        09:36
      "
"3.128,00",14,"
        09:35
      "
"7.671,00",7,"
        09:35
      "
"6.590,00",6,"
        09:34
      "
"6.060,00",14,"
        09:34
      "
"-86.111,00",0,"
        09:33
      "
"11.466,00",14,"
        09:33
      "
"1.954,00",8,"
        09:32
      "
"6.229,00",5,"
        09:32
      "
"9.697,00",13,"
        09:31
      "
"13.021,00",1,"
        09:31
      "
"-66.281,00",0,"
        09:30
      "
"7.905,00",3,"
        09:30
      "
"2.183,00",10,"
        09:29
      "
"7.578,00",6,"
        09:29
      "
"5.563,00",2,"
        09:28
      "
"3.052,00",3,"
        09:28
      "
"2.817,00",11,"
        09:27
      "
"7.250,00",8,"
        09:27
      "
"5.831,00",12,"
        09:26
      "
"7.895,00",4,"
        09:26
      "
"5.623,00",7,"
        09:25
      "
"9.445,00",8,"
        09:25
      "
"-91.566,00",0,"
        09:24
      "
"8.937,00",9,"
        09:24
      "
"3.904,00",10,"
        09:23
      "
"7.905,00",8,"
        09:23
      "
"7.021,00",6,"
        09:22
      "
"7.032,00",4,"
        09:22
      "
"6.323,00",6,"
        09:21
      "
"7.191,00",8,"
        09:21
      "
"7.174,00",10,"
        09:20
      "
"6.049,00",10,"
        09:20
      "
"5.651,00",12,"
        09:19
      "
"8.932,00",7,"
        09:19
      "
"8.921,00",7,"
        09:18
      "
"6.934,00",5,"
        09:18
      "
"6.994,00",1,"
        09:17
      "
"5.192,00",3,"
        09:17
      "
"8.119,00",14,"
        09:16
      "
"5.061,00",8,"
        09:16
      "
"10.696,00",12,"
        09:15
      "
"10.685,00",3,"
        09:15
      "
"11.934,00",7,"
        09:14
      "
"11.973,00",14,"
        09:14
      "
"6.791,00",5,"
        09:13
      "
"5.394,00",14,"
        09:13
      "
"5.711,00",14,"
        09:12
      "
"6.803,00",3,"
        09:12
      "
"4.188,00",2,"
        09:11
      "
"4.684,00",14,"
        09:11
      "
"10.805,00",11,"
        09:10
      "
"-94.191,00",0,"
        09:10
      "
"10.024,00",5,"
        09:09
      "
"8.713,00",12,"
        09:09
      "
"4.039,00",11,"
        09:08
      "
"7.889,00",6,"
        09:08
      "
"7.578,00",14,"
        09:07
      "
"4.990,00",8,"
        09:07
      "
"3.975,00",14,"
        09:06
      "
"8.201,00",3,"
        09:06
      "
"8.206,00",6,"
        09:05
      "
"7.693,00",4,"
        09:05
      "
"9.069,00",9,"
        09:04
      "
"5.859,00",9,"
        09:04
      "
"8.659,00",2,"
        09:03
      "
"11.477,00",5,"
        09:03
      "
"4.275,00",5,"
        09:02
      "
"3.729,00",11,"
        09:02
      "
"5.847,00",1,"
        09:01
      "
"6.541,00",10,"
        09:01
      "
"5.033,00",2,"
        09:00
      "
"6.055,00",10,"
        09:00
      "
"6.273,00",10,"
        08:59
      "
"7.245,00",11,"
        08:59
      "
"6.147,00",5,"
        08:58
      "
"8.326,00",7,"
        08:58
      "
"3.483,00",2,"
        08:57
      "
"9.096,00",13,"
        08:57
      "
"10.308,00",13,"
        08:56
      "
"8.981,00",8,"
        08:56
      "
"6.847,00",13,"
        08:55
      "
"5.274,00",13,"
        08:55
      "
"4.739,00",5,"
        08:54
      "
"-87.333,00",0,"
        08:54
      "
"9.703,00",8,"
        08:53
      "
"4.832,00",13,"
        08:53
      "
"4.897,00",7,"
        08:52
      "
"8.042,00",14,"
        08:52
      "
"1.190,00",2,"
        08:51
      "
"6.623,00",13,"
        08:51
      "
"7.048,00",8,"
        08:50
      "
"8.512,00",4,"
        08:50
      "
"8.495,00",5,"
        08:49
      "
"-361,00",3,"
        08:49
      "
"13.011,00",11,"
        08:48
      "
"9.947,00",14,"
        08:48
      "
"7.201,00",14,"
        08:47
      "
"7.797,00",8,"
        08:47
      "
"6.492,00",10,"
        08:46
      "
"8.811,00",5,"
        08:46
      "
"8.299,00",4,"
        08:45
      "
"5.634,00",3,"
        08:45
      "
"8.370,00",5,"
        08:44
      "
"-74.836,00",0,"
        08:44
      "
"5.066,00",4,"
        08:43
      "
"5.951,00",4,"
        08:43
      "
"10.712,00",13,"
        08:42
      "
"9.352,00",9,"
        08:42
      "
"4.171,00",6,"
        08:41
      "
"11.127,00",11,"
        08:41
      "
"7.949,00",12,"
        08:40
      "
"9.587,00",9,"
        08:40
      "
"12.060,00",11,"
        08:39
      "
"8.752,00",12,"
        08:39
      "
"8.320,00",10,"
        08:38
      "
"-53.797,00",0,"
        08:38
      "
"6.557,00",2,"
        08:37
      "
"6.338,00",14,"
        08:37
      "
"4.122,00",5,"
        08:36
      "
"6.328,00",13,"
        08:36
      "
"5.514,00",12,"
        08:35
      "
"3.980,00",14,"
        08:35
      "
"8.419,00",6,"
        08:34
      "
"9.368,00",4,"
        08:34
      "
"5.536,00",7,"
        08:33
      "
"5.509,00",5,"
        08:33
      "
"9.008,00",8,"
        08:32
      "
"8.250,00",8,"
        08:32
      "
"4.526,00",11,"
        08:31
      "
"9.811,00",7,"
        08:31
      "
"5.690,00",6,"
        08:30
      "
"7.829,00",14,"
        08:30
      "
"8.538,00",1,"
        08:29
      "
"9.276,00",9,"
        08:29
      "
"9.608,00",9,"
        08:28
      "
"-67.894,00",0,"
        08:28
      "
"9.533,00",6,"
        08:27
      "
"4.880,00",1,"
        08:27
      "
"5.624,00",3,"
        08:26
      "
"7.797,00",14,"
        08:26
      "
"2.855,00",13,"
        08:25
      "
"7.879,00",5,"
        08:25
      "
"8.053,00",6,"
        08:24
      "
"6.301,00",13,"
        08:24
      "
"6.005,00",2,"
        08:23
      "
"10.122,00",10,"
        08:23
      "
"8.245,00",10,"
        08:22
      "
"7.162,00",1,"
        08:22
      "
"7.294,00",11,"
        08:21
      "
"6.912,00",4,"
        08:21
      "
"3.903,00",1,"
        08:20
      "
"5.885,00",7,"
        08:20
      "
"5.050,00",1,"
        08:19
      "
"5.460,00",13,"
        08:19
      "
"7.545,00",3,"
        08:18
      "
"8.114,00",5,"
        08:18
      "
"6.148,00",4,"
        08:17
      "
"6.049,00",7,"
        08:17
      "
"7.589,00",9,"
        08:16
      "
"8.124,00",12,"
        08:16
      "
"4.771,00",1,"
        08:15
      "
"8.260,00",11,"
        08:15
      "
"7.589,00",12,"
        08:14
      "
"5.296,00",14,"
        08:14
      "
"7.108,00",14,"
        08:13
      "
"4.416,00",9,"
        08:13
      "
"7.966,00",4,"
        08:12
      "
"8.037,00",7,"
        08:12
      "
"6.551,00",7,"
        08:11
      "
"5.646,00",1,"
        08:11
      "
"5.388,00",13,"
        08:10
      "
"5.169,00",12,"
        08:10
      "
"1.327,00",6,"
        08:09
      "
"572,00",14,"
        08:09
      "
"4.848,00",1,"
        08:08
      "
"6.295,00",9,"
        08:08
      "
"4.067,00",4,"
        08:07
      "
"8.468,00",8,"
        08:07
      "
"10.559,00",10,"
        08:06
      "
"-95.134,00",0,"
        08:06
      "
"8.971,00",11,"
        08:05
      "
"7.862,00",10,"
        08:05
      "
"6.966,00",6,"
        08:04
      "
"6.153,00",10,"
        08:04
      "
"5.028,00",11,"
        08:03
      "
"6.082,00",5,"
        08:03
      "
"8.316,00",2,"
        08:02
      "
"-83.866,00",0,"
        08:02
      "
"6.568,00",11,"
        08:01
      "
"7.491,00",8,"
        08:01
      "
"5.334,00",8,"
        08:00
      "
"8.292,00",6,"
        08:00
      "
"7.742,00",7,"
        07:59
      "
"6.961,00",5,"
        07:59
      "
"7.393,00",7,"
        07:58
      "
"7.519,00",14,"
        07:58
      "
"6.612,00",11,"
        07:57
      "
"7.283,00",13,"
        07:57
      "
"7.911,00",2,"
        07:56
      "
"8.960,00",3,"
        07:56
      "
"8.031,00",1,"
        07:55
      "
"3.581,00",7,"
        07:55
      "
"10.096,00",10,"
        07:54
      "
"10.090,00",8,"
        07:54
      "
"6.884,00",10,"
        07:53
      "
"7.639,00",10,"
        07:53
      "
"9.129,00",9,"
        07:52
      "
"7.289,00",13,"
        07:52
      "
"7.337,00",12,"
        07:51
      "
"5.039,00",8,"
        07:51
      "
"6.355,00",3,"
        07:50
      "
"8.267,00",7,"
        07:50
      "
"10.423,00",3,"
        07:49
      "
"6.437,00",13,"
        07:49
      "
"7.895,00",4,"
        07:48
      "
"6.574,00",4,"
        07:48
      "
"6.989,00",5,"
        07:47
      "
"12.197,00",14,"
        07:47
      "
"5.301,00",11,"
        07:46
      "
"9.768,00",4,"
        07:46
      "
"9.303,00",9,"
        07:45
      "
"5.411,00",2,"
        07:45
      "
"16.745,00",12,"
        07:44
      "
"7.190,00",9,"
        07:44
      "
"5.197,00",9,"
        07:43
      "
"8.233,00",12,"
        07:43
      "
"-64.515,00",0,"
        07:42
      "
"4.646,00",2,"
        07:42
      "
"7.758,00",9,"
        07:41
      "
"11.863,00",13,"
        07:41
      "
"6.399,00",9,"
        07:40
      "
"8.162,00",4,"
        07:40
      "
"5.978,00",11,"
        07:39
      "
"6.021,00",4,"
        07:39
      "
"5.650,00",14,"
        07:38
      "
"6.464,00",10,"
        07:38
      "
"6.644,00",1,"
        07:37
      "
"9.102,00",10,"
        07:37
      "
"7.294,00",11,"
        07:36
      "
"4.619,00",12,"
        07:36
      "
"5.099,00",3,"
        07:35
      "
"4.946,00",3,"
        07:35
      "
"3.898,00",10,"
        07:34
      "
"5.449,00",4,"
        07:34
      "
"5.252,00",1,"
        07:33
      "
"3.832,00",12,"
        07:33
      "
"6.469,00",2,"
        07:32
      "
"6.715,00",7,"
        07:32
      "
"6.655,00",4,"
        07:31
      "
"7.485,00",12,"
        07:31
      "
"3.614,00",8,"
        07:30
      "
"6.720,00",6,"
        07:30
      "
"6.901,00",2,"
        07:29
      "
"6.246,00",6,"
        07:29
      "
"4.635,00",10,"
        07:28
      "
"5.689,00",4,"
        07:28
      "
"8.190,00",11,"
        07:27
      "
"5.526,00",4,"
        07:27
      "
"655,00",11,"
        07:26
      "
"8.479,00",4,"
        07:26
      "
"4.876,00",4,"
        07:25
      "
"5.749,00",5,"
        07:25
      "
"6.306,00",9,"
        07:24
      "
"7.703,00",4,"
        07:24
      "
"3.745,00",4,"
        07:23
      "
"4.722,00",13,"
        07:23
      "
"6.175,00",7,"
        07:22
      "
"-69.971,00",0,"
        07:22
      "
"3.756,00",9,"
        07:21
      "
"3.848,00",8,"
        07:21
      "
"5.563,00",7,"
        07:20
      "
"5.169,00",4,"
        07:20
      "
"-56.340,00",0,"
        07:19
      "
"4.062,00",3,"
        07:19
      "
"3.734,00",12,"
        07:18
      "
"18.727,00",6,"
        07:18
      "
"5.465,00",3,"
        07:17
      "
"1.189,00",8,"
        07:17
      "
"3.985,00",2,"
        07:16
      "
"6.251,00",10,"
        07:16
      "
"8.419,00",13,"
        07:15
      "
"6.065,00",14,"
        07:15
      "
"6.066,00",14,"
        07:14
      "
"5.694,00",8,"
        07:14
      "
"4.570,00",7,"
        07:13
      "
"4.209,00",10,"
        07:13
      "
"4.706,00",3,"
        07:12
      "
"3.249,00",2,"
        07:12
      "
"3.456,00",3,"
        07:11
      "
"3.128,00",14,"
        07:11
      "
"2.779,00",6,"
        07:10
      "
"4.149,00",4,"
        07:10
      "
"3.865,00",13,"
        07:09
      "
"5.852,00",1,"
        07:09
      "
"1.976,00",6,"
        07:08
      "
"5.574,00",12,"
        07:08
      "
"5.164,00",1,"
        07:07
      "
"-52.624,00",0,"
        07:07
      "
"6.131,00",12,"
        07:06
      "
"4.045,00",10,"
        07:06
      "
"4.559,00",13,"
        07:05
      "
"852,00",2,"
        07:05
      "
"5.361,00",10,"
        07:04
      "
"3.450,00",11,"
        07:04
      "
"3.980,00",1,"
        07:03
      "
"5.078,00",7,"
        07:03
      "
"4.526,00",8,"
        07:02
      "
"5.558,00",1,"
        07:02
      "
"5.022,00",4,"
        07:01
      "
"6.125,00",8,"
        07:01
      "
"6.508,00",14,"
        07:00
      "
"-65.877,00",0,"
        07:00
      "
"3.696,00",8,"
        06:59
      "
"3.412,00",8,"
        06:59
      "
"4.510,00",9,"
        06:58
      "
"2.582,00",2,"
        06:58
      "
"7.841,00",11,"
        06:57
      "
"8.621,00",11,"
        06:57
      "
"9.865,00",10,"
        06:56
      "
"5.100,00",11,"
        06:56
      "
"-46.325,00",0,"
        06:55
      "
"6.120,00",10,"
        06:55
      "
"2.468,00",6,"
        06:54
      "
"4.788,00",8,"
        06:54
      "
"2.031,00",10,"
        06:53
      "
"5.192,00",14,"
        06:53
      "
"4.001,00",3,"
        06:52
      "
"-48.509,00",0,"
        06:52
      "
"5.056,00",7,"
        06:51
      "
"2.784,00",5,"
        06:51
      "
"3.035,00",13,"
        06:50
      "
"2.899,00",6,"
        06:50
      "
"4.591,00",8,"
        06:49
      "
"3.854,00",2,"
        06:49
      "
"2.915,00",8,"
        06:48
      "
"3.548,00",4,"
        06:48
      "
"4.286,00",2,"
        06:47
      "
"2.708,00",10,"
        06:47
      "
"3.385,00",1,"
        06:46
      "
"4.947,00",2,"
        06:46
      "
"-63.476,00",0,"
        06:45
      "
"4.401,00",14,"
        06:45
      "
"6.437,00",5,"
        06:44
      "
"4.919,00",4,"
        06:44
      "
"4.242,00",11,"
        06:43
      "
"4.302,00",7,"
        06:43
      "
"3.974,00",13,"
        06:42
      "
"5.012,00",8,"
        06:42
      "
"4.908,00",4,"
        06:41
      "
"2.173,00",10,"
        06:41
      "
"4.483,00",10,"
        06:40
      "
"3.833,00",5,"
        06:40
      "
"3.930,00",6,"
        06:39
      "
"906,00",12,"
        06:39
      "
"4.613,00",7,"
        06:38
      "
"1.971,00",6,"
        06:38
      "
"1.108,00",6,"
        06:37
      "
"3.401,00",10,"
        06:37
      "
"2.483,00",10,"
        06:36
      "
"2.964,00",11,"
        06:36
      "
"3.363,00",3,"
        06:35
      "
"5.558,00",7,"
        06:35
      "
"1.436,00",11,"
        06:34
      "
"3.353,00",7,"
        06:34
      "
"3.215,00",2,"
        06:33
      "
"4.051,00",3,"
        06:33
      "
"5.667,00",4,"
        06:32
      "
"3.336,00",14,"
        06:32
      "
"4.007,00",13,"
        06:31
      "
"-104,00",4,"
        06:31
      "
"4.281,00",10,"
        06:30
      "
"2.887,00",14,"
        06:30
      "
"2.631,00",8,"
        06:29
      "
"3.162,00",8,"
        06:29
      "
"813,00",13,"
        06:28
      "
"5.088,00",1,"
        06:28
      "
"-437,00",2,"
        06:27
      "
"-71,00",6,"
        06:27
      "
"4.979,00",7,"
        06:26
      "
"2.413,00",13,"
        06:26
      "
"1.758,00",7,"
        06:25
      "
"1.747,00",6,"
        06:25
      "
"1.316,00",4,"
        06:24
      "
"7.856,00",8,"
        06:24
      "
"3.740,00",13,"
        06:23
      "
"1.179,00",10,"
        06:23
      "
"370,00",8,"
        06:22
      "
"-1.174,00",9,"
        06:22
      "
"2.659,00",6,"
        06:21
      "
"2.418,00",2,"
        06:21
      "
"-126,00",7,"
        06:20
      "
"2.680,00",5,"
        06:20
      "
"6.153,00",12,"
        06:19
      "
"2.784,00",9,"
        06:19
      "
"3.134,00",10,"
        06:18
      "
"-568,00",13,"
        06:18
      "
"208,00",5,"
        06:17
      "
"3.510,00",14,"
        06:17
      "
"2.784,00",3,"
        06:16
      "
"2.849,00",9,"
        06:16
      "
"1.670,00",11,"
        06:15
      "
"4.962,00",8,"
        06:15
      "
"627,00",4,"
        06:14
      "
"-2.304,00",5,"
        06:14
      "
"6.655,00",12,"
        06:13
      "
"4.084,00",10,"
        06:13
      "
"3.707,00",9,"
        06:12
      "
"3.870,00",9,"
        06:12
      "
"3.817,00",7,"
        06:11
      "
"1.965,00",5,"
        06:11
      "
"-984,00",1,"
        06:10
      "
"12.290,00",14,"
        06:10
      "
"-42.172,00",0,"
        06:09
      "
"4.395,00",12,"
        06:09
      "
"4.422,00",6,"
        06:08
      "
"4.307,00",10,"
        06:08
      "
"2.757,00",10,"
        06:07
      "
"2.577,00",10,"
        06:07
      "
"7.354,00",5,"
        06:06
      "
"5.427,00",2,"
        06:06
      "
"4.499,00",2,"
        06:05
      "
"5.094,00",2,"
        06:05
      "
"4.319,00",9,"
        06:04
      "
"5.733,00",12,"
        06:04
      "
"2.953,00",13,"
        06:03
      "
"5.295,00",13,"
        06:03
      "
"5.737,00",5,"
        06:02
      "
"3.227,00",1,"
        06:02
      "
"4.646,00",12,"
        06:01
      "
"4.689,00",6,"
        06:01
      "
"2.325,00",13,"
        06:00
      "
"4.450,00",4,"
        06:00
      "
"3.827,00",10,"
        05:59
      "
"4.887,00",12,"
        05:59
      "
"5.935,00",10,"
        05:58
      "
"5.055,00",14,"
        05:58
      "
"5.536,00",9,"
        05:57
      "
"4.416,00",4,"
        05:57
      "
"7.430,00",11,"
        05:56
      "
"-56.723,00",0,"
        05:56
      "
"9.374,00",1,"
        05:55
      "
"4.979,00",4,"
        05:55
      "
"4.842,00",5,"
        05:54
      "
"7.038,00",2,"
        05:54
      "
"6.212,00",2,"
        05:53
      "
"-47.613,00",0,"
        05:53
      "
"2.113,00",3,"
        05:52
      "
"4.902,00",6,"
        05:52
      "
"4.193,00",2,"
        05:51
      "
"3.789,00",1,"
        05:51
      "
"3.139,00",11,"
        05:50
      "
"4.384,00",2,"
        05:50
      "
"3.636,00",4,"
        05:49
      "
"3.172,00",11,"
        05:49
      "
"4.215,00",6,"
        05:48
      "
"4.761,00",6,"
        05:48
      "
"4.870,00",7,"
        05:47
      "
"-20.895,00",0,"
        05:47
      "
"5.323,00",12,"
        05:46
      "
"3.499,00",8,"
        05:46
      "
"3.718,00",14,"
        05:45
      "
"7.786,00",13,"
        05:45
      "
"-48.844,00",0,"
        05:44
      "
"3.554,00",8,"
        05:44
      "
"3.740,00",5,"
        05:43
      "
"4.045,00",10,"
        05:43
      "
"1.124,00",11,"
        05:42
      "
"6.885,00",13,"
        05:42
      "
"6.836,00",7,"
        05:41
      "
"7.496,00",8,"
        05:41
      "
"7.228,00",9,"
        05:40
      "
"4.489,00",4,"
        05:40
      "
"6.552,00",1,"
        05:39
      "
"7.043,00",10,"
        05:39
      "
"5.453,00",7,"
        05:38
      "
"3.827,00",4,"
        05:38
      "
"4.591,00",14,"
        05:37
      "
"4.182,00",5,"
        05:37
      "
"5.339,00",10,"
        05:36
      "
"4.084,00",10,"
        05:36
      "
"4.733,00",4,"
        05:35
      "
"3.806,00",10,"
        05:35
      "
"4.329,00",2,"
        05:34
      "
"4.842,00",4,"
        05:34
      "
"3.391,00",10,"
        05:33
      "
"1.752,00",10,"
        05:33
      "
"3.614,00",4,"
        05:32
      "
"5.099,00",13,"
        05:32
      "
"4.821,00",11,"
        05:31
      "
"4.837,00",2,"
        05:31
      "
"6.606,00",8,"
        05:30
      "
"4.614,00",12,"
        05:30
      "
"3.139,00",1,"
        05:29
      "
"5.421,00",5,"
        05:29
      "
"3.684,00",1,"
        05:28
      "
"3.635,00",9,"
        05:28
      "
"3.231,00",4,"
        05:27
      "
"2.789,00",8,"
        05:27
      "
"2.795,00",13,"
        05:26
      "
"1.959,00",5,"
        05:26
      "
"9.730,00",12,"
        05:25
      "
"-66.350,00",0,"
        05:25
      "
"14.020,00",7,"
        05:24
      "
"-60.224,00",0,"
        05:24
      "
"4.749,00",7,"
        05:23
      "
"3.330,00",13,"
        05:23
      "
"3.292,00",13,"
        05:22
      "
"2.277,00",4,"
        05:22
      "
"1.818,00",4,"
        05:21
      "
"5.029,00",5,"
        05:21
      "
"-52.180,00",0,"
        05:20
      "
"3.095,00",9,"
        05:20
      "
"4.984,00",1,"
        05:19
      "
"-59.590,00",0,"
        05:19
      "
"3.657,00",11,"
        05:18
      "
"2.626,00",4,"
        05:18
      "
"3.996,00",11,"
        05:17
      "
"2.091,00",5,"
        05:17
      "
"3.347,00",12,"
        05:16
      "
"2.942,00",6,"
        05:16
      "
"3.865,00",13,"
        05:15
      "
"3.117,00",4,"
        05:15
      "
"2.778,00",1,"
        05:14
      "
"2.801,00",10,"
        05:14
      "
"2.287,00",6,"
        05:13
      "
"2.413,00",10,"
        05:13
      "
"-20.348,00",0,"
        05:12
      "
"1.910,00",7,"
        05:12
      "
"1.992,00",9,"
        05:11
      "
"1.419,00",12,"
        05:11
      "
"4.263,00",3,"
        05:10
      "
"-58.408,00",0,"
        05:10
      "
"-32.781,00",0,"
        05:09
      "
"3.309,00",14,"
        05:09
      "
"2.713,00",8,"
        05:08
      "
"1.446,00",10,"
        05:08
      "
"2.107,00",4,"
        05:07
      "
"1.720,00",14,"
        05:07
      "
"1.932,00",7,"
        05:06
      "
"2.500,00",8,"
        05:06
      "
"2.779,00",1,"
        05:05
      "
"2.079,00",10,"
        05:05
      "
"3.478,00",5,"
        05:04
      "
"1.485,00",7,"
        05:04
      "
"2.626,00",9,"
        05:03
      "
"2.030,00",12,"
        05:03
      "
"2.276,00",7,"
        05:02
      "
"3.510,00",11,"
        05:02
      "
"1.949,00",13,"
        05:01
      "
"2.500,00",6,"
        05:01
      "
"2.729,00",5,"
        05:00
      "
"2.462,00",4,"
        05:00
      "
"1.649,00",9,"
        04:59
      "
"3.969,00",4,"
        04:59
      "
"2.113,00",2,"
        04:58
      "
"5.995,00",3,"
        04:58
      "
"-39.121,00",0,"
        04:57
      "
"2.085,00",1,"
        04:57
      "
"2.129,00",6,"
        04:56
      "
"3.860,00",11,"
        04:56
      "
"3.346,00",8,"
        04:55
      "
"5.028,00",13,"
        04:55
      "
"-34.534,00",0,"
        04:54
      "
"3.571,00",1,"
        04:54
      "
"2.778,00",13,"
        04:53
      "
"1.103,00",1,"
        04:53
      "
"3.188,00",11,"
        04:52
      "
"1.987,00",8,"
        04:52
      "
"4.602,00",6,"
        04:51
      "
"-17.734,00",0,"
        04:51
      "
"2.347,00",13,"
        04:50
      "
"2.014,00",1,"
        04:50
      "
"2.844,00",7,"
        04:49
      "
"557,00",6,"
        04:49
      "
"3.587,00",9,"
        04:48
      "
"3.019,00",10,"
        04:48
      "
"-34.585,00",0,"
        04:47
      "
"1.010,00",8,"
        04:47
      "
"2.713,00",6,"
        04:46
      "
"1.807,00",14,"
        04:46
      "
"4.100,00",1,"
        04:45
      "
"-8.474,00",7,"
        04:45
      "
"2.708,00",5,"
        04:44
      "
"2.718,00",10,"
        04:44
      "
"3.875,00",11,"
        04:43
      "
"4.695,00",1,"
        04:43
      "
"960,00",4,"
        04:42
      "
"5.738,00",9,"
        04:42
      "
"4.056,00",9,"
        04:41
      "
"2.958,00",14,"
        04:41
      "
"2.456,00",9,"
        04:40
      "
"2.052,00",12,"
        04:40
      "
"2.238,00",5,"
        04:39
      "
"2.823,00",12,"
        04:39
      "
"3.319,00",11,"
        04:38
      "
"1.873,00",8,"
        04:38
      "
"2.592,00",9,"
        04:37
      "
"1.506,00",4,"
        04:36
      "
"2.887,00",13,"
        04:36
      "
"2.457,00",8,"
        04:35
      "
"1.769,00",4,"
        04:35
      "
"4.663,00",13,"
        04:34
      "
"4.805,00",8,"
        04:34
      "
"-25.407,00",0,"
        04:33
      "
"1.878,00",8,"
        04:33
      "
"3.843,00",3,"
        04:32
      "
"2.544,00",2,"
        04:32
      "
"2.168,00",12,"
        04:31
      "
"2.587,00",7,"
        04:31
      "
"3.276,00",14,"
        04:30
      "
"2.997,00",8,"
        04:30
      "
"1.856,00",1,"
        04:29
      "
"3.249,00",11,"
        04:29
      "
"4.679,00",2,"
        04:28
      "
"-36.046,00",0,"
        04:28
      "
"4.002,00",8,"
        04:27
      "
"-22.344,00",0,"
        04:27
      "
"1.932,00",14,"
        04:26
      "
"2.363,00",3,"
        04:26
      "
"2.756,00",12,"
        04:25
      "
"2.249,00",1,"
        04:25
      "
"3.051,00",13,"
        04:24
      "
"1.976,00",11,"
        04:24
      "
"2.429,00",6,"
        04:23
      "
"2.276,00",12,"
        04:23
      "
"1.704,00",3,"
        04:22
      "
"6.098,00",5,"
        04:22
      "
"-26.626,00",0,"
        04:21
      "
"4.356,00",9,"
        04:21
      "
"-42.095,00",0,"
        04:20
      "
"2.691,00",1,"
        04:20
      "
"2.975,00",7,"
        04:19
      "
"3.090,00",7,"
        04:19
      "
"4.248,00",10,"
        04:18
      "
"6.677,00",5,"
        04:18
      "
"5.968,00",1,"
        04:17
      "
"3.554,00",1,"
        04:17
      "
"3.456,00",9,"
        04:16
      "
"8.572,00",2,"
        04:16
      "
"-38.980,00",0,"
        04:15
      "
"2.926,00",2,"
        04:15
      "
"2.794,00",10,"
        04:14
      "
"3.816,00",2,"
        04:14
      "
"4.220,00",8,"
        04:13
      "
"3.260,00",1,"
        04:13
      "
"2.954,00",13,"
        04:12
      "
"3.440,00",9,"
        04:12
      "
"1.970,00",7,"
        04:11
      "
"3.384,00",13,"
        04:11
      "
"4.827,00",6,"
        04:10
      "
"3.308,00",3,"
        04:10
      "
"4.083,00",14,"
        04:09
      "
"3.051,00",5,"
        04:09
      "
"4.859,00",11,"
        04:08
      "
"3.553,00",12,"
        04:08
      "
"6.033,00",10,"
        04:07
      "
"4.258,00",4,"
        04:07
      "
"1.572,00",7,"
        04:06
      "
"2.085,00",14,"
        04:06
      "
"9.042,00",1,"
        04:05
      "
"-46.391,00",0,"
        04:05
      "
"3.079,00",1,"
        04:04
      "
"3.019,00",4,"
        04:04
      "
"2.468,00",14,"
        04:03
      "
"2.206,00",1,"
        04:03
      "
"3.663,00",6,"
        04:02
      "
"1.430,00",2,"
        04:02
      "
"666,00",11,"
        04:01
      "
"1.955,00",7,"
        04:01
      "
"3.887,00",10,"
        04:00
      "
"-17,00",3,"
        04:00
      "
"3.888,00",6,"
        03:59
      "
"4.635,00",5,"
        03:59
      "
"4.728,00",1,"
        03:58
      "
"7.567,00",9,"
        03:58
      "
"-37.121,00",0,"
        03:57
      "
"6.835,00",10,"
        03:57
      "
"-30.678,00",0,"
        03:56
      "
"2.609,00",13,"
        03:56
      "
"2.478,00",10,"
        03:55
      "
"2.429,00",7,"
        03:55
      "
"4.799,00",3,"
        03:54
      "
"-36.395,00",0,"
        03:54
      "
"2.009,00",5,"
        03:53
      "
"-311,00",12,"
        03:53
      "
"2.659,00",12,"
        03:52
      "
"2.773,00",10,"
        03:52
      "
"2.719,00",13,"
        03:51
      "
"2.375,00",11,"
        03:51
      "
"2.816,00",1,"
        03:50
      "
"2.483,00",7,"
        03:50
      "
"5.154,00",12,"
        03:49
      "
"1.840,00",10,"
        03:49
      "
"5.558,00",3,"
        03:48
      "
"-53.601,00",0,"
        03:48
      "
"1.010,00",10,"
        03:47
      "
"1.637,00",3,"
        03:47
      "
"6.803,00",10,"
        03:46
      "
"4.886,00",10,"
        03:46
      "
"1.501,00",13,"
        03:45
      "
"5.940,00",13,"
        03:45
      "
"-1.021,00",1,"
        03:44
      "
"8.211,00",9,"
        03:44
      "
"5.465,00",12,"
        03:43
      "
"-28.244,00",0,"
        03:43
      "
"4.569,00",10,"
        03:42
      "
"-41.211,00",0,"
        03:42
      "
"3.537,00",8,"
        03:41
      "
"2.375,00",1,"
        03:41
      "
"666,00",6,"
        03:40
      "
"3.450,00",11,"
        03:40
      "
"2.588,00",8,"
        03:39
      "
"3.942,00",6,"
        03:39
      "
"4.909,00",4,"
        03:38
      "
"-781,00",9,"
        03:38
      "
"2.631,00",13,"
        03:37
      "
"250,00",10,"
        03:37
      "
"3.297,00",9,"
        03:36
      "
"7.413,00",3,"
        03:36
      "
"3.767,00",6,"
        03:35
      "
"2.446,00",8,"
        03:35
      "
"-978,00",4,"
        03:34
      "
"2.752,00",1,"
        03:34
      "
"4.886,00",6,"
        03:33
      "
"4.023,00",13,"
        03:33
      "
"-1.612,00",12,"
        03:32
      "
"349,00",14,"
        03:32
      "
"6.688,00",1,"
        03:31
      "
"-737,00",6,"
        03:31
      "
"699,00",9,"
        03:30
      "
"-2.572,00",2,"
        03:30
      "
"4.608,00",14,"
        03:29
      "
"3.631,00",12,"
        03:29
      "
"3.330,00",4,"
        03:28
      "
"7.075,00",8,"
        03:28
      "
"13.137,00",4,"
        03:27
      "
"9.233,00",3,"
        03:27
      "
"4.209,00",4,"
        03:26
      "
"5.963,00",5,"
        03:26
      "
"4.651,00",13,"
        03:25
      "
"4.072,00",7,"
        03:25
      "
"2.686,00",2,"
        03:24
      "
"5.645,00",14,"
        03:24
      "
"4.395,00",8,"
        03:23
      "
"4.188,00",12,"
        03:23
      "
"4.193,00",1,"
        03:22
      "
"5.378,00",1,"
        03:22
      "
"11.422,00",9,"
        03:21
      "
"7.480,00",10,"
        03:21
      "
"8.266,00",1,"
        03:20
      "
"12.711,00",12,"
        03:20
      "
"5.062,00",6,"
        03:19
      "
"5.083,00",12,"
        03:19
      "
"7.065,00",10,"
        03:18
      "
"3.603,00",12,"
        03:18
      "
"8.556,00",3,"
        03:17
      "
"10.816,00",4,"
        03:17
      "
"-87.256,00",0,"
        03:16
      "
"7.851,00",4,"
        03:16
      "
"7.775,00",6,"
        03:15
      "
"6.667,00",7,"
        03:15
      "
"9.773,00",7,"
        03:14
      "
"-76.584,00",0,"
        03:14
      "
"6.115,00",3,"
        03:13
      "
"3.297,00",4,"
        03:13
      "
"11.089,00",13,"
        03:12
      "
"-102.456,00",0,"
        03:12
      "
"-58.037,00",0,"
        03:11
      "
"3.630,00",9,"
        03:11
      "
"2.593,00",12,"
        03:10
      "
"4.636,00",9,"
        03:10
      "
"3.112,00",8,"
        03:09
      "
"2.746,00",9,"
        03:09
      "
"4.968,00",11,"
        03:08
      "
"-37.035,00",0,"
        03:08
      "
"2.299,00",4,"
        03:07
      "
"4.461,00",2,"
        03:07
      "
"4.007,00",12,"
        03:06
      "
"6.061,00",7,"
        03:06
      "
"4.302,00",1,"
        03:05
      "
"5.296,00",13,"
        03:05
      "
"-38.632,00",0,"
        03:04
      "
"4.171,00",14,"
        03:04
      "
"1.774,00",13,"
        03:03
      "
"3.253,00",6,"
        03:03
      "
"4.193,00",7,"
        03:02
      "
"4.345,00",10,"
        03:02
      "
"4.297,00",4,"
        03:01
      "
"4.952,00",3,"
        03:01
      "
"-1.616,00",3,"
        03:00
      "
"6.628,00",10,"
        03:00
      "
"4.663,00",10,"
        02:59
      "
"3.478,00",8,"
        02:59
      "
"-2.752,00",9,"
        02:58
      "
"6.251,00",8,"
        02:58
      "
"5.771,00",14,"
        02:57
      "
"5.422,00",10,"
        02:57
      "
"6.704,00",6,"
        02:56
      "
"-73.819,00",0,"
        02:56
      "
"2.533,00",12,"
        02:55
      "
"5.367,00",4,"
        02:55
      "
"4.324,00",1,"
        02:54
      "
"3.538,00",12,"
        02:54
      "
"2.997,00",2,"
        02:53
      "
"4.351,00",12,"
        02:53
      "
"3.265,00",9,"
        02:52
      "
"3.675,00",8,"
        02:52
      "
"3.767,00",9,"
        02:51
      "
"3.646,00",14,"
        02:51
      "
"5.345,00",5,"
        02:50
      "
"-60.976,00",0,"
        02:50
      "
"4.095,00",10,"
        02:49
      "
"5.159,00",4,"
        02:49
      "
"5.417,00",7,"
        02:48
      "
"3.456,00",7,"
        02:48
      "
"-72,00",2,"
        02:47
      "
"2.790,00",2,"
        02:47
      "
"2.675,00",13,"
        02:46
      "
"5.159,00",8,"
        02:46
      "
"2.205,00",14,"
        02:45
      "
"6.027,00",5,"
        02:45
      "
"5.329,00",8,"
        02:44
      "
"3.887,00",12,"
        02:44
      "
"2.691,00",3,"
        02:43
      "
"2.085,00",4,"
        02:43
      "
"4.275,00",13,"
        02:42
      "
"5.099,00",7,"
        02:42
      "
"3.221,00",3,"
        02:41
      "
"638,00",14,"
        02:41
      "
"5.563,00",2,"
        02:40
      "
"8.506,00",7,"
        02:40
      "
"5.382,00",4,"
        02:39
      "
"-49.165,00",0,"
        02:39
      "
"3.713,00",10,"
        02:38
      "
"9.915,00",11,"
        02:38
      "
"3.680,00",14,"
        02:37
      "
"3.199,00",8,"
        02:37
      "
"5.017,00",11,"
        02:36
      "
"4.057,00",5,"
        02:36
      "
"2.773,00",13,"
        02:35
      "
"6.230,00",14,"
        02:35
      "
"5.508,00",10,"
        02:34
      "
"3.739,00",6,"
        02:34
      "
"5.039,00",10,"
        02:33
      "
"8.108,00",7,"
        02:33
      "
"5.787,00",1,"
        02:32
      "
"6.786,00",12,"
        02:32
      "
"7.365,00",9,"
        02:31
      "
"-90.432,00",0,"
        02:31
      "
"5.034,00",3,"
        02:30
      "
"4.651,00",10,"
        02:30
      "
"1.348,00",11,"
        02:29
      "
"5.711,00",6,"
        02:29
      "
"-45.236,00",0,"
        02:28
      "
"6.928,00",12,"
        02:28
      "
"-70.633,00",0,"
        02:27
      "
"6.115,00",11,"
        02:27
      "
"3.613,00",1,"
        02:26
      "
"8.758,00",12,"
        02:26
      "
"7.010,00",2,"
        02:25
      "
"5.793,00",1,"
        02:25
      "
"2.543,00",8,"
        02:24
      "
"6.394,00",5,"
        02:24
      "
"4.684,00",7,"
        02:23
      "
"6.387,00",14,"
        02:23
      "
"5.459,00",6,"
        02:22
      "
"1.992,00",6,"
        02:22
      "
"4.694,00",14,"
        02:21
      "
"6.410,00",8,"
        02:21
      "
"-66.743,00",0,"
        02:20
      "
"5.902,00",3,"
        02:20
      "
"3.991,00",7,"
        02:19
      "
"5.029,00",10,"
        02:19
      "
"4.684,00",10,"
        02:18
      "
"4.339,00",11,"
        02:18
      "
"-40.617,00",0,"
        02:17
      "
"4.891,00",10,"
        02:17
      "
"4.668,00",13,"
        02:16
      "
"2.844,00",1,"
        02:16
      "
"-307,00",1,"
        02:15
      "
"4.023,00",10,"
        02:15
      "
"2.276,00",11,"
        02:14
      "
"3.395,00",3,"
        02:14
      "
"3.068,00",12,"
        02:13
      "
"3.717,00",5,"
        02:13
      "
"398,00",4,"
        02:12
      "
"1.359,00",13,"
        02:12
      "
"3.445,00",10,"
        02:11
      "
"4.865,00",14,"
        02:11
      "
"4.301,00",4,"
        02:10
      "
"2.441,00",6,"
        02:10
      "
"3.816,00",2,"
        02:09
      "
"2.336,00",9,"
        02:09
      "
"5.209,00",12,"
        02:08
      "
"2.118,00",10,"
        02:08
      "
"4.084,00",2,"
        02:07
      "
"5.923,00",11,"
        02:07
      "
"4.668,00",4,"
        02:06
      "
"2.778,00",10,"
        02:06
      "
"7.147,00",3,"
        02:05
      "
"6.540,00",7,"
        02:05
      "
"5.317,00",7,"
        02:04
      "
"4.559,00",3,"
        02:04
      "
"3.450,00",4,"
        02:03
      "
"10.985,00",1,"
        02:03
      "
"6.475,00",1,"
        02:02
      "
"7.916,00",7,"
        02:02
      "
"2.637,00",6,"
        02:01
      "
"3.745,00",7,"
        02:01
      "
"3.843,00",8,"
        02:00
      "
"4.193,00",3,"
        02:00
      "
"6.061,00",7,"
        01:59
      "
"6.224,00",8,"
        01:59
      "
"6.060,00",9,"
        01:58
      "
"4.221,00",3,"
        01:58
      "
"3.275,00",4,"
        01:57
      "
"3.603,00",4,"
        01:57
      "
"4.848,00",1,"
        01:56
      "
"2.767,00",3,"
        01:56
      "
"4.144,00",9,"
        01:55
      "
"4.880,00",8,"
        01:55
      "
"2.271,00",14,"
        01:54
      "
"2.244,00",10,"
        01:54
      "
"3.865,00",12,"
        01:53
      "
"922,00",8,"
        01:53
      "
"4.050,00",4,"
        01:52
      "
"4.155,00",14,"
        01:52
      "
"5.580,00",2,"
        01:51
      "
"4.372,00",9,"
        01:51
      "
"3.789,00",8,"
        01:50
      "
"7.049,00",13,"
        01:50
      "
"4.062,00",8,"
        01:49
      "
"3.603,00",1,"
        01:49
      "
"5.962,00",11,"
        01:48
      "
"5.372,00",7,"
        01:48
      "
"7.065,00",8,"
        01:47
      "
"-48.193,00",0,"
        01:47
      "
"3.184,00",5,"
        01:46
      "
"4.547,00",5,"
        01:46
      "
"4.918,00",13,"
        01:45
      "
"6.617,00",3,"
        01:45
      "
"3.619,00",6,"
        01:44
      "
"10.106,00",3,"
        01:44
      "
"6.415,00",1,"
        01:43
      "
"6.415,00",3,"
        01:43
      "
"3.237,00",3,"
        01:42
      "
"6.366,00",6,"
        01:42
      "
"6.486,00",12,"
        01:41
      "
"5.737,00",6,"
        01:41
      "
"6.988,00",1,"
        01:40
      "
"3.811,00",12,"
        01:40
      "
"6.137,00",1,"
        01:39
      "
"4.864,00",4,"
        01:39
      "
"9.736,00",3,"
        01:38
      "
"11.068,00",5,"
        01:38
      "
"-56.691,00",0,"
        01:37
      "
"3.663,00",13,"
        01:37
      "
"3.963,00",5,"
        01:36
      "
"3.259,00",4,"
        01:36
      "
"6.786,00",2,"
        01:35
      "
"5.000,00",1,"
        01:35
      "
"4.668,00",12,"
        01:34
      "
"3.467,00",13,"
        01:34
      "
"2.960,00",5,"
        01:33
      "
"1.676,00",10,"
        01:33
      "
"3.679,00",14,"
        01:32
      "
"4.007,00",2,"
        01:32
      "
"6.617,00",11,"
        01:31
      "
"6.835,00",12,"
        01:31
      "
"7.840,00",7,"
        01:30
      "
"3.625,00",8,"
        01:30
      "
"6.355,00",3,"
        01:29
      "
"5.317,00",3,"
        01:29
      "
"5.683,00",11,"
        01:28
      "
"5.105,00",12,"
        01:28
      "
"7.572,00",3,"
        01:27
      "
"3.816,00",3,"
        01:27
      "
"12.568,00",11,"
        01:26
      "
"8.986,00",11,"
        01:26
      "
"10.276,00",8,"
        01:25
      "
"7.158,00",8,"
        01:25
      "
"7.469,00",8,"
        01:24
      "
"4.674,00",8,"
        01:24
      "
"4.874,00",14,"
        01:23
      "
"8.741,00",3,"
        01:23
      "
"8.163,00",13,"
        01:22
      "
"5.650,00",11,"
        01:22
      "
"7.442,00",4,"
        01:21
      "
"-58.664,00",0,"
        01:21
      "
"2.003,00",11,"
        01:20
      "
"5.651,00",5,"
        01:20
      "
"4.444,00",3,"
        01:19
      "
"6.028,00",12,"
        01:19
      "
"5.623,00",4,"
        01:18
      "
"5.706,00",3,"
        01:18
      "
"7.338,00",12,"
        01:17
      "
"7.715,00",1,"
        01:17
      "
"6.710,00",4,"
        01:16
      "
"7.447,00",6,"
        01:16
      "
"9.058,00",5,"
        01:15
      "
"5.902,00",11,"
        01:15
      "
"7.829,00",6,"
        01:14
      "
"6.901,00",10,"
        01:14
      "
"6.109,00",10,"
        01:13
      "
"1.577,00",13,"
        01:13
      "
"8.916,00",3,"
        01:12
      "
"8.402,00",11,"
        01:12
      "
"8.484,00",14,"
        01:11
      "
"4.651,00",11,"
        01:11
      "
"6.278,00",12,"
        01:10
      "
"7.528,00",4,"
        01:10
      "
"5.853,00",5,"
        01:09
      "
"9.723,00",12,"
        01:09
      "
"6.120,00",14,"
        01:08
      "
"5.361,00",3,"
        01:08
      "
"6.622,00",14,"
        01:07
      "
"6.928,00",4,"
        01:07
      "
"6.955,00",7,"
        01:06
      "
"6.557,00",13,"
        01:06
      "
"11.744,00",9,"
        01:05
      "
"3.898,00",13,"
        01:05
      "
"8.064,00",3,"
        01:04
      "
"9.107,00",14,"
        01:04
      "
"8.703,00",7,"
        01:03
      "
"9.669,00",13,"
        01:03
      "
"12.111,00",14,"
        01:02
      "
"13.447,00",13,"
        01:02
      "
"7.769,00",8,"
        01:01
      "
"8.899,00",8,"
        01:01
      "
"10.417,00",1,"
        01:00
      "
"10.783,00",12,"
        01:00
      "
"13.573,00",8,"
        00:59
      "
"-116.273,00",0,"
        00:59
      "
"12.983,00",10,"
        00:58
      "
"11.340,00",13,"
        00:58
      "
"10.335,00",9,"
        00:57
      "
"9.085,00",7,"
        00:57
      "
"9.248,00",3,"
        00:56
      "
"13.393,00",13,"
        00:56
      "
"-108.376,00",0,"
        00:55
      "
"8.676,00",2,"
        00:55
      "
"9.763,00",7,"
        00:54
      "
"11.542,00",9,"
        00:54
      "
"11.886,00",10,"
        00:53
      "
"6.196,00",12,"
        00:53
      "
"9.947,00",4,"
        00:52
      "
"8.948,00",6,"
        00:52
      "
"8.397,00",2,"
        00:51
      "
"8.473,00",1,"
        00:51
      "
"11.002,00",2,"
        00:50
      "
"8.309,00",4,"
        00:50
      "
"7.796,00",13,"
        00:49
      "
"8.124,00",5,"
        00:49
      "
"6.061,00",10,"
        00:48
      "
"4.498,00",2,"
        00:48
      "
"6.809,00",8,"
        00:47
      "
"10.871,00",4,"
        00:47
      "
"7.802,00",14,"
        00:46
      "
"8.545,00",5,"
        00:46
      "
"12.055,00",14,"
        00:45
      "
"11.607,00",14,"
        00:45
      "
"19.683,00",13,"
        00:44
      "
"-129.185,00",0,"
        00:44
      "
"15.189,00",14,"
        00:43
      "
"12.246,00",8,"
        00:43
      "
"12.088,00",9,"
        00:42
      "
"13.207,00",13,"
        00:42
      "
"11.712,00",11,"
        00:41
      "
"11.902,00",14,"
        00:41
      "
"9.937,00",10,"
        00:40
      "
"9.844,00",2,"
        00:40
      "
"10.608,00",4,"
        00:39
      "
"13.218,00",6,"
        00:39
      "
"-139.330,00",0,"
        00:38
      "
"6.754,00",7,"
        00:38
      "
"6.830,00",12,"
        00:37
      "
"6.792,00",1,"
        00:37
      "
"9.730,00",8,"
        00:36
      "
"12.454,00",6,"
        00:36
      "
"12.268,00",13,"
        00:35
      "
"-115.496,00",0,"
        00:35
      "
"15.124,00",10,"
        00:34
      "
"-122.239,00",0,"
        00:34
      "
"6.524,00",7,"
        00:33
      "
"10.832,00",7,"
        00:33
      "
"9.718,00",1,"
        00:32
      "
"19.443,00",2,"
        00:32
      "
"12.913,00",5,"
        00:31
      "
"15.566,00",10,"
        00:31
      "
"13.081,00",5,"
        00:30
      "
"12.529,00",8,"
        00:30
      "
"13.715,00",9,"
        00:29
      "
"13.497,00",14,"
        00:29
      "
"9.659,00",11,"
        00:28
      "
"16.112,00",8,"
        00:28
      "
"-124.311,00",0,"
        00:27
      "
"9.172,00",5,"
        00:27
      "
"11.978,00",8,"
        00:26
      "
"9.811,00",14,"
        00:26
      "
"12.464,00",4,"
        00:25
      "
"16.543,00",8,"
        00:25
      "
"-171.769,00",0,"
        00:24
      "
"15.801,00",1,"
        00:24
      "
"12.230,00",4,"
        00:23
      "
"9.381,00",3,"
        00:23
      "
"12.480,00",14,"
        00:22
      "
"12.835,00",9,"
        00:22
      "
"11.460,00",7,"
        00:21
      "
"10.870,00",8,"
        00:21
      "
"11.432,00",6,"
        00:20
      "
"7.414,00",1,"
        00:20
      "
"7.780,00",9,"
        00:19
      "
"7.021,00",5,"
        00:19
      "
"6.874,00",14,"
        00:18
      "
"9.200,00",1,"
        00:18
      "
"8.960,00",8,"
        00:17
      "
"11.351,00",2,"
        00:17
      "
"9.254,00",14,"
        00:16
      "
"13.720,00",12,"
        00:16
      "
"7.027,00",9,"
        00:15
      "
"6.628,00",14,"
        00:15
      "
"6.999,00",6,"
        00:14
      "
"9.074,00",8,"
        00:14
      "
"8.659,00",9,"
        00:13
      "
"-1.410,00",3,"
        00:13
      "
"11.007,00",12,"
        00:12
      "
"14.381,00",8,"
        00:12
      "
"10.248,00",7,"
        00:11
      "
"8.544,00",12,"
        00:11
      "
"10.559,00",3,"
        00:10
      "
"12.863,00",6,"
        00:10
      "
"9.538,00",13,"
        00:09
      "
"11.537,00",2,"
        00:09
      "
"14.354,00",3,"
        00:08
      "
"13.169,00",6,"
        00:08
      "
"11.624,00",6,"
        00:07
      "
"12.470,00",3,"
        00:07
      "
"12.214,00",14,"
        00:06
      "
"12.541,00",9,"
        00:06
      "
"10.991,00",2,"
        00:05
      "
"17.285,00",9,"
        00:05
      "
"14.135,00",8,"
        00:04
      "
"18.116,00",5,"
        00:04
      "
"15.014,00",9,"
        00:03
      "
"15.872,00",10,"
        00:03
      "
"15.991,00",7,"
        00:02
      "
"11.035,00",10,"
        00:02
      "
"14.354,00",10,"
        00:01
      "
"11.017,00",4,"
        00:01
      "
"17.526,00",9,"
        00:00
      "
"19.949,00",9,"
        00:00
      "
"14.954,00",4,"
        23:59
      "
"15.610,00",11,"
        23:59
      "
"13.551,00",11,"
        23:58
      "
"14.551,00",4,"
        23:58
      "
"17.198,00",1,"
        23:57
      "
"13.071,00",12,"
        23:57
      "
"13.169,00",12,"
        23:56
      "
"15.474,00",2,"
        23:56
      "
"11.132,00",10,"
        23:55
      "
"14.698,00",5,"
        23:55
      "
"12.225,00",1,"
        23:54
      "
"14.097,00",7,"
        23:54
      "
"10.046,00",1,"
        23:53
      "
"15.299,00",5,"
        23:53
      "
"13.316,00",2,"
        23:52
      "
"13.688,00",13,"
        23:52
      "
"10.418,00",4,"
        23:51
      "
"16.686,00",10,"
        23:51
      "
"13.819,00",10,"
        23:50
      "
"10.182,00",10,"
        23:50
      "
"7.878,00",4,"
        23:49
      "
"15.036,00",3,"
        23:49
      "
"15.173,00",13,"
        23:48
      "
"14.550,00",4,"
        23:48
      "
"12.350,00",4,"
        23:47
      "
"9.877,00",14,"
        23:47
      "
"10.434,00",4,"
        23:46
      "
"10.537,00",13,"
        23:46
      "
"10.008,00",10,"
        23:45
      "
"18.896,00",11,"
        23:45
      "
"8.037,00",6,"
        23:44
      "
"10.084,00",14,"
        23:44
      "
"8.381,00",12,"
        23:43
      "
"11.678,00",2,"
        23:43
      "
"8.855,00",4,"
        23:42
      "
"11.569,00",10,"
        23:42
      "
"13.060,00",6,"
        23:41
      "
"10.548,00",9,"
        23:41
      "
"10.100,00",11,"
        23:40
      "
"14.097,00",5,"
        23:40
      "
"11.957,00",7,"
        23:39
      "
"13.011,00",2,"
        23:39
      "
"10.695,00",7,"
        23:38
      "
"9.822,00",13,"
        23:38
      "
"11.040,00",13,"
        23:37
      "
"13.906,00",13,"
        23:37
      "
"9.281,00",1,"
        23:36
      "
"13.775,00",11,"
        23:36
      "
"9.255,00",14,"
        23:35
      "
"10.434,00",10,"
        23:35
      "
"12.476,00",3,"
        23:34
      "
"7.921,00",4,"
        23:34
      "
"12.984,00",13,"
        23:33
      "
"11.438,00",11,"
        23:33
      "
"11.072,00",3,"
        23:32
      "
"14.076,00",13,"
        23:32
      "
"-140.737,00",0,"
        23:31
      "
"12.481,00",1,"
        23:31
      "
"9.408,00",5,"
        23:30
      "
"13.267,00",14,"
        23:30
      "
"12.049,00",11,"
        23:29
      "
"10.805,00",6,"
        23:29
      "
"10.908,00",12,"
        23:28
      "
"11.433,00",6,"
        23:28
      "
"13.159,00",4,"
        23:27
      "
"10.980,00",9,"
        23:27
      "
"15.032,00",1,"
        23:26
      "
"11.258,00",6,"
        23:26
      "
"11.111,00",3,"
        23:25
      "
"17.537,00",13,"
        23:25
      "
"-154.960,00",0,"
        23:24
      "
"13.267,00",7,"
        23:24
      "
"11.024,00",3,"
        23:23
      "
"9.375,00",10,"
        23:23
      "
"11.591,00",6,"
        23:22
      "
"12.890,00",5,"
        23:22
      "
"16.533,00",9,"
        23:21
      "
"13.562,00",4,"
        23:21
      "
"14.343,00",6,"
        23:20
      "
"15.583,00",12,"
        23:20
      "
"13.545,00",7,"
        23:19
      "
"16.723,00",14,"
        23:19
      "
"15.730,00",12,"
        23:18
      "
"14.867,00",2,"
        23:18
      "
"15.550,00",4,"
        23:17
      "
"11.236,00",6,"
        23:17
      "
"12.110,00",5,"
        23:16
      "
"13.573,00",8,"
        23:16
      "
"13.115,00",7,"
        23:15
      "
"18.017,00",12,"
        23:15
      "
"9.090,00",10,"
        23:14
      "
"12.367,00",6,"
        23:14
      "
"14.457,00",12,"
        23:13
      "
"14.730,00",2,"
        23:13
      "
"15.304,00",11,"
        23:12
      "
"15.298,00",7,"
        23:12
      "
"18.454,00",5,"
        23:11
      "
"17.619,00",2,"
        23:11
      "
"16.592,00",11,"
        23:10
      "
"12.109,00",6,"
        23:10
      "
"16.768,00",9,"
        23:09
      "
"13.104,00",10,"
        23:09
      "
"17.952,00",9,"
        23:08
      "
"18.869,00",12,"
        23:08
      "
"17.367,00",13,"
        23:07
      "
"18.667,00",11,"
        23:07
      "
"11.880,00",3,"
        23:06
      "
"14.714,00",7,"
        23:06
      "
"6.365,00",11,"
        23:05
      "
"12.323,00",6,"
        23:05
      "
"17.782,00",2,"
        23:04
      "
"19.339,00",7,"
        23:04
      "
"17.745,00",12,"
        23:03
      "
"23.063,00",6,"
        23:03
      "
"21.539,00",4,"
        23:02
      "
"13.235,00",4,"
        23:02
      "
"18.602,00",14,"
        23:01
      "
"17.576,00",9,"
        23:01
      "
"19.661,00",14,"
        23:00
      "
"16.701,00",10,"
        23:00
      "
"21.015,00",10,"
        22:59
      "
"24.510,00",11,"
        22:59
      "
"21.277,00",14,"
        22:58
      "
"19.201,00",4,"
        22:58
      "
"16.608,00",10,"
        22:57
      "
"22.746,00",4,"
        22:57
      "
"16.719,00",5,"
        22:56
      "
"14.578,00",6,"
        22:56
      "
"17.635,00",1,"
        22:55
      "
"18.187,00",6,"
        22:55
      "
"12.334,00",9,"
        22:54
      "
"23.461,00",7,"
        22:54
      "
"19.852,00",4,"
        22:53
      "
"18.934,00",4,"
        22:53
      "
"18.334,00",2,"
        22:52
      "
"13.732,00",6,"
        22:52
      "
"16.358,00",7,"
        22:51
      "
"15.811,00",12,"
        22:51
      "
"21.315,00",3,"
        22:50
      "
"17.630,00",3,"
        22:50
      "
"-164.304,00",0,"
        22:49
      "
"19.110,00",3,"
        22:49
      "
"-172.160,00",0,"
        22:48
      "
"13.546,00",5,"
        22:48
      "
"10.876,00",6,"
        22:47
      "
"14.473,00",13,"
        22:47
      "
"15.811,00",10,"
        22:46
      "
"16.341,00",14,"
        22:46
      "
"-134.191,00",0,"
        22:45
      "
"14.185,00",5,"
        22:45
      "
"6.410,00",11,"
        22:44
      "
"15.844,00",1,"
        22:44
      "
"11.455,00",5,"
        22:43
      "
"12.607,00",1,"
        22:43
      "
"15.255,00",10,"
        22:42
      "
"10.537,00",9,"
        22:42
      "
"17.755,00",3,"
        22:41
      "
"13.819,00",6,"
        22:41
      "
"14.966,00",2,"
        22:40
      "
"18.460,00",9,"
        22:40
      "
"18.313,00",9,"
        22:39
      "
"-148.283,00",0,"
        22:39
      "
"14.960,00",14,"
        22:38
      "
"-194.966,00",0,"
        22:38
      "
"12.164,00",4,"
        22:37
      "
"14.200,00",7,"
        22:37
      "
"-155.128,00",0,"
        22:36
      "
"8.145,00",10,"
        22:36
      "
"22.697,00",3,"
        22:35
      "
"-268.876,00",0,"
        22:35
      "
"23.947,00",4,"
        22:34
      "
"16.948,00",11,"
        22:34
      "
"16.106,00",2,"
        22:33
      "
"14.534,00",10,"
        22:33
      "
"19.382,00",9,"
        22:32
      "
"10.013,00",7,"
        22:32
      "
"23.690,00",13,"
        22:31
      "
"19.339,00",13,"
        22:31
      "
"19.115,00",13,"
        22:30
      "
"12.918,00",13,"
        22:30
      "
"12.814,00",9,"
        22:29
      "
"13.098,00",5,"
        22:29
      "
"18.885,00",14,"
        22:28
      "
"13.628,00",8,"
        22:28
      "
"15.861,00",7,"
        22:27
      "
"15.539,00",13,"
        22:27
      "
"17.127,00",2,"
        22:26
      "
"14.343,00",10,"
        22:26
      "
"20.573,00",1,"
        22:25
      "
"15.822,00",5,"
        22:25
      "
"18.755,00",8,"
        22:24
      "
"16.270,00",4,"
        22:24
      "
"20.365,00",13,"
        22:23
      "
"10.439,00",12,"
        22:23
      "
"11.181,00",4,"
        22:22
      "
"17.041,00",13,"
        22:22
      "
"15.828,00",6,"
        22:21
      "
"12.863,00",13,"
        22:21
      "
"12.372,00",6,"
        22:20
      "
"17.657,00",2,"
        22:20
      "
"14.884,00",7,"
        22:19
      "
"17.341,00",14,"
        22:19
      "
"2.942,00",1,"
        22:18
      "
"26.557,00",8,"
        22:18
      "
"22.653,00",10,"
        22:17
      "
"18.504,00",9,"
        22:17
      "
"16.827,00",13,"
        22:16
      "
"15.353,00",10,"
        22:16
      "
"17.739,00",9,"
        22:15
      "
"13.584,00",11,"
        22:15
      "
"21.140,00",9,"
        22:14
      "
"-247.806,00",0,"
        22:14
      "
"22.337,00",13,"
        22:13
      "
"14.425,00",11,"
        22:13
      "
"18.482,00",1,"
        22:12
      "
"16.877,00",3,"
        22:12
      "
"18.018,00",14,"
        22:11
      "
"13.366,00",2,"
        22:11
      "
"18.111,00",11,"
        22:10
      "
"17.460,00",13,"
        22:10
      "
"18.099,00",3,"
        22:09
      "
"15.605,00",4,"
        22:09
      "
"15.604,00",11,"
        22:08
      "
"15.140,00",6,"
        22:08
      "
"15.796,00",11,"
        22:07
      "
"19.262,00",10,"
        22:07
      "
"17.395,00",2,"
        22:06
      "
"21.540,00",11,"
        22:06
      "
"16.124,00",10,"
        22:05
      "
"25.957,00",8,"
        22:05
      "
"19.923,00",4,"
        22:04
      "
"18.733,00",12,"
        22:04
      "
"16.990,00",1,"
        22:03
      "
"16.352,00",9,"
        22:03
      "
"10.718,00",4,"
        22:02
      "
"12.453,00",10,"
        22:02
      "
"11.738,00",4,"
        22:01
      "
"18.727,00",11,"
        22:01
      "
"18.154,00",4,"
        22:00
      "
"14.780,00",13,"
        22:00
      "
"17.996,00",6,"
        21:59
      "
"19.693,00",5,"
        21:59
      "
"14.081,00",7,"
        21:58
      "
"15.631,00",5,"
        21:58
      "
"20.660,00",8,"
        21:57
      "
"17.427,00",11,"
        21:57
      "
"15.315,00",11,"
        21:56
      "
"12.421,00",8,"
        21:56
      "
"16.931,00",7,"
        21:55
      "
"14.261,00",4,"
        21:55
      "
"20.502,00",9,"
        21:54
      "
"-178.122,00",0,"
        21:54
      "
"16.210,00",14,"
        21:53
      "
"15.834,00",1,"
        21:53
      "
"12.847,00",12,"
        21:52
      "
"20.267,00",1,"
        21:52
      "
"15.336,00",3,"
        21:51
      "
"16.369,00",12,"
        21:51
      "
"26.170,00",2,"
        21:50
      "
"-235.900,00",0,"
        21:50
      "
"19.017,00",7,"
        21:49
      "
"20.671,00",7,"
        21:49
      "
"10.012,00",13,"
        21:48
      "
"29.774,00",3,"
        21:48
      "
"25.617,00",5,"
        21:47
      "
"25.831,00",6,"
        21:47
      "
"24.738,00",6,"
        21:46
      "
"19.371,00",3,"
        21:46
      "
"16.549,00",3,"
        21:45
      "
"21.151,00",4,"
        21:45
      "
"-218.433,00",0,"
        21:44
      "
"18.100,00",3,"
        21:44
      "
"10.580,00",14,"
        21:43
      "
"21.315,00",1,"
        21:43
      "
"23.189,00",2,"
        21:42
      "
"16.073,00",7,"
        21:42
      "
"19.661,00",7,"
        21:41
      "
"-151.600,00",0,"
        21:41
      "
"15.184,00",7,"
        21:40
      "
"14.233,00",4,"
        21:40
      "
"15.152,00",9,"
        21:39
      "
"14.496,00",5,"
        21:39
      "
"14.801,00",11,"
        21:38
      "
"21.026,00",8,"
        21:38
      "
"12.815,00",13,"
        21:37
      "
"18.798,00",5,"
        21:37
      "
"15.920,00",13,"
        21:36
      "
"14.681,00",7,"
        21:36
      "
"15.217,00",1,"
        21:35
      "
"16.444,00",13,"
        21:35
      "
"11.465,00",13,"
        21:34
      "
"10.264,00",13,"
        21:34
      "
"20.747,00",2,"
        21:33
      "
"-169.104,00",0,"
        21:33
      "
"14.927,00",6,"
        21:32
      "
"17.248,00",1,"
        21:32
      "
"15.009,00",6,"
        21:31
      "
"10.019,00",4,"
        21:31
      "
"11.193,00",8,"
        21:30
      "
"7.294,00",10,"
        21:30
      "
"18.133,00",6,"
        21:29
      "
"-157.200,00",0,"
        21:29
      "
"10.817,00",11,"
        21:28
      "
"10.914,00",4,"
        21:28
      "
"7.583,00",9,"
        21:27
      "
"8.653,00",7,"
        21:27
      "
"8.391,00",7,"
        21:26
      "
"8.703,00",14,"
        21:26
      "
"15.730,00",5,"
        21:25
      "
"12.596,00",2,"
        21:25
      "
"5.913,00",10,"
        21:24
      "
"5.400,00",1,"
        21:24
      "
"6.776,00",7,"
        21:23
      "
"13.251,00",9,"
        21:23
      "
"13.950,00",11,"
        21:22
      "
"13.054,00",4,"
        21:22
      "
"18.967,00",4,"
        21:21
      "
"-199.686,00",0,"
        21:21
      "
"-157.992,00",0,"
        21:20
      "
"8.932,00",3,"
        21:20
      "
"13.148,00",3,"
        21:19
      "
"10.640,00",11,"
        21:19
      "
"13.917,00",6,"
        21:18
      "
"18.574,00",7,"
        21:18
      "
"9.424,00",6,"
        21:17
      "
"18.733,00",8,"
        21:17
      "
"11.683,00",1,"
        21:16
      "
"9.795,00",10,"
        21:16
      "
"13.982,00",5,"
        21:15
      "
"13.163,00",1,"
        21:15
      "
"6.317,00",5,"
        21:14
      "
"11.978,00",11,"
        21:14
      "
"15.140,00",1,"
        21:13
      "
"11.536,00",8,"
        21:13
      "
"11.602,00",5,"
        21:12
      "
"9.631,00",2,"
        21:12
      "
"12.902,00",10,"
        21:11
      "
"7.643,00",12,"
        21:11
      "
"14.322,00",13,"
        21:10
      "
"10.592,00",4,"
        21:10
      "
"10.204,00",1,"
        21:09
      "
"13.950,00",9,"
        21:09
      "
"10.296,00",8,"
        21:08
      "
"20.655,00",9,"
        21:08
      "
"-161.338,00",0,"
        21:07
      "
"-117.900,00",0,"
        21:07
      "
"7.621,00",3,"
        21:06
      "
"14.796,00",10,"
        21:06
      "
"8.217,00",12,"
        21:05
      "
"11.401,00",7,"
        21:05
      "
"8.282,00",13,"
        21:04
      "
"6.944,00",7,"
        21:04
      "
"10.718,00",9,"
        21:03
      "
"12.983,00",12,"
        21:03
      "
"6.454,00",1,"
        21:02
      "
"17.449,00",14,"
        21:02
      "
"13.775,00",8,"
        21:01
      "
"6.907,00",14,"
        21:01
      "
"6.955,00",14,"
        21:00
      "
"17.745,00",6,"
        21:00
      "
"13.088,00",5,"
        20:59
      "
"10.368,00",2,"
        20:59
      "
"13.475,00",14,"
        20:58
      "
"13.081,00",9,"
        20:58
      "
"25.105,00",4,"
        20:57
      "
"-248.397,00",0,"
        20:57
      "
"-197.051,00",0,"
        20:56
      "
"15.375,00",6,"
        20:56
      "
"19.502,00",6,"
        20:55
      "
"17.340,00",6,"
        20:55
      "
"12.634,00",7,"
        20:54
      "
"11.996,00",5,"
        20:54
      "
"10.630,00",8,"
        20:53
      "
"17.035,00",10,"
        20:53
      "
"-176.167,00",0,"
        20:52
      "
"15.080,00",2,"
        20:52
      "
"8.578,00",2,"
        20:51
      "
"19.071,00",8,"
        20:51
      "
"-145.842,00",0,"
        20:50
      "
"4.193,00",2,"
        20:50
      "
"9.839,00",13,"
        20:49
      "
"7.485,00",5,"
        20:49
      "
"11.138,00",13,"
        20:48
      "
"-147.272,00",0,"
        20:48
      "
"9.647,00",9,"
        20:47
      "
"8.636,00",6,"
        20:47
      "
"12.601,00",6,"
        20:46
      "
"10.040,00",14,"
        20:46
      "
"6.284,00",9,"
        20:45
      "
"10.658,00",6,"
        20:45
      "
"11.116,00",7,"
        20:44
      "
"9.331,00",7,"
        20:44
      "
"14.152,00",14,"
        20:43
      "
"-170.148,00",0,"
        20:43
      "
"13.453,00",4,"
        20:42
      "
"11.782,00",1,"
        20:42
      "
"10.400,00",7,"
        20:41
      "
"11.897,00",3,"
        20:41
      "
"13.660,00",8,"
        20:40
      "
"10.275,00",10,"
        20:40
      "
"12.618,00",11,"
        20:39
      "
"10.105,00",4,"
        20:39
      "
"6.257,00",3,"
        20:38
      "
"8.163,00",10,"
        20:38
      "
"11.477,00",10,"
        20:37
      "
"9.626,00",14,"
        20:37
      "
"-133.752,00",0,"
        20:36
      "
"11.804,00",8,"
        20:36
      "
"14.135,00",4,"
        20:35
      "
"12.606,00",7,"
        20:35
      "
"10.663,00",5,"
        20:34
      "
"8.785,00",1,"
        20:34
      "
"8.632,00",10,"
        20:33
      "
"8.806,00",14,"
        20:33
      "
"10.990,00",1,"
        20:32
      "
"14.305,00",5,"
        20:32
      "
"-1.982,00",11,"
        20:31
      "
"9.413,00",3,"
        20:31
      "
"7.382,00",1,"
        20:30
      "
"14.310,00",14,"
        20:30
      "
"9.041,00",14,"
        20:29
      "
"11.744,00",3,"
        20:29
      "
"8.616,00",10,"
        20:28
      "
"14.027,00",6,"
        20:28
      "
"15.566,00",1,"
        20:27
      "
"14.359,00",5,"
        20:27
      "
"14.414,00",9,"
        20:26
      "
"15.758,00",10,"
        20:26
      "
"9.161,00",2,"
        20:25
      "
"15.074,00",12,"
        20:25
      "
"12.203,00",9,"
        20:24
      "
"16.145,00",13,"
        20:24
      "
"8.834,00",11,"
        20:23
      "
"12.797,00",11,"
        20:23
      "
"14.178,00",2,"
        20:22
      "
"13.371,00",4,"
        20:22
      "
"19.109,00",6,"
        20:21
      "
"2.626,00",2,"
        20:21
      "
"11.612,00",4,"
        20:18
      "
"26.650,00",13,"
        20:18
      "
"17.853,00",11,"
        20:17
      "
"18.165,00",11,"
        20:17
      "
"16.019,00",12,"
        20:16
      "
"12.301,00",10,"
        20:16
      "
"9.992,00",11,"
        20:15
      "
"16.773,00",12,"
        20:15
      "
"11.394,00",5,"
        20:14
      "
"12.967,00",3,"
        20:14
      "
"13.420,00",4,"
        20:13
      "
"7.851,00",3,"
        20:13
      "
"17.777,00",14,"
        20:12
      "
"14.054,00",13,"
        20:12
      "
"12.820,00",12,"
        20:11
      "
"11.226,00",9,"
        20:11
      "
"14.512,00",13,"
        20:10
      "
"7.807,00",13,"
        20:10
      "
"9.101,00",11,"
        20:09
      "
"9.528,00",5,"
        20:09
      "
"10.712,00",9,"
        20:08
      "
"11.012,00",12,"
        20:08
      "
"7.448,00",2,"
        20:07
      "
"9.794,00",13,"
        20:07
      "
"17.374,00",13,"
        20:06
      "
"12.115,00",8,"
        20:06
      "
"11.700,00",7,"
        20:05
      "
"7.916,00",8,"
        20:05
      "
"11.640,00",3,"
        20:04
      "
"13.546,00",7,"
        20:04
      "
"6.704,00",2,"
        20:03
      "
"7.649,00",11,"
        20:03
      "
"14.118,00",7,"
        20:02
      "
"-132.248,00",0,"
        20:02
      "
"9.451,00",12,"
        20:01
      "
"14.660,00",6,"
        20:01
      "
"12.001,00",1,"
        20:00
      "
"12.994,00",7,"
        20:00
      "
"10.407,00",14,"
        19:59
      "
"10.030,00",7,"
        19:59
      "
"8.195,00",4,"
        19:58
      "
"9.238,00",14,"
        19:58
      "
"10.346,00",9,"
        19:57
      "
"8.376,00",6,"
        19:57
      "
"16.089,00",7,"
        19:56
      "
"-157.270,00",0,"
        19:56
      "
"5.453,00",1,"
        19:55
      "
"17.919,00",8,"
        19:55
      "
"10.996,00",9,"
        19:54
      "
"12.693,00",10,"
        19:54
      "
"7.659,00",6,"
        19:53
      "
"11.542,00",12,"
        19:53
      "
"22.456,00",13,"
        19:52
      "
"-218.200,00",0,"
        19:52
      "
"-181.087,00",0,"
        19:51
      "
"10.188,00",4,"
        19:51
      "
"14.206,00",11,"
        19:50
      "
"23.658,00",11,"
        19:50
      "
"9.549,00",12,"
        19:49
      "
"5.235,00",6,"
        19:49
      "
"18.018,00",12,"
        19:48
      "
"12.650,00",7,"
        19:48
      "
"-145.014,00",0,"
        19:47
      "
"12.464,00",8,"
        19:47
      "
"19.044,00",13,"
        19:46
      "
"10.860,00",10,"
        19:46
      "
"10.215,00",8,"
        19:45
      "
"9.396,00",14,"
        19:45
      "
"16.505,00",6,"
        19:44
      "
"18.225,00",2,"
        19:44
      "
"5.803,00",2,"
        19:43
      "
"8.037,00",14,"
        19:43
      "
"9.909,00",7,"
        19:42
      "
"14.992,00",10,"
        19:42
      "
"-143.608,00",0,"
        19:41
      "
"13.775,00",4,"
        19:41
      "
"12.017,00",6,"
        19:40
      "
"16.325,00",2,"
        19:40
      "
"-165.473,00",0,"
        19:39
      "
"17.215,00",4,"
        19:39
      "
"10.898,00",5,"
        19:38
      "
"8.037,00",4,"
        19:38
      "
"10.275,00",14,"
        19:37
      "
"15.298,00",12,"
        19:37
      "
"-154.557,00",0,"
        19:36
      "
"8.566,00",5,"
        19:36
      "
"8.293,00",4,"
        19:35
      "
"13.360,00",14,"
        19:35
      "
"11.624,00",11,"
        19:34
      "
"12.601,00",1,"
        19:34
      "
"9.675,00",2,"
        19:33
      "
"5.574,00",10,"
        19:33
      "
"14.709,00",7,"
        19:32
      "
"13.955,00",2,"
        19:32
      "
"12.229,00",5,"
        19:31
      "
"15.899,00",10,"
        19:31
      "
"14.081,00",13,"
        19:30
      "
"10.805,00",1,"
        19:30
      "
"10.673,00",9,"
        19:29
      "
"12.235,00",2,"
        19:29
      "
"11.848,00",2,"
        19:28
      "
"10.150,00",11,"
        19:28
      "
"14.272,00",5,"
        19:27
      "
"10.176,00",6,"
        19:27
      "
"6.912,00",2,"
        19:26
      "
"9.987,00",11,"
        19:26
      "
"8.567,00",9,"
        19:25
      "
"14.468,00",2,"
        19:25
      "
"-159.315,00",0,"
        19:24
      "
"14.043,00",6,"
        19:24
      "
"9.653,00",14,"
        19:23
      "
"10.352,00",2,"
        19:23
      "
"10.734,00",14,"
        19:22
      "
"12.830,00",14,"
        19:22
      "
"12.093,00",7,"
        19:21
      "
"12.317,00",12,"
        19:21
      "
"7.234,00",11,"
        19:20
      "
"15.342,00",4,"
        19:20
      "
"12.087,00",4,"
        19:19
      "
"15.113,00",3,"
        19:19
      "
"13.093,00",1,"
        19:18
      "
"15.216,00",1,"
        19:18
      "
"5.585,00",5,"
        19:17
      "
"10.876,00",9,"
        19:17
      "
"15.540,00",6,"
        19:16
      "
"11.668,00",10,"
        19:16
      "
"16.353,00",4,"
        19:15
      "
"12.858,00",6,"
        19:15
      "
"9.500,00",1,"
        19:14
      "
"11.563,00",10,"
        19:14
      "
"11.264,00",10,"
        19:13
      "
"14.376,00",6,"
        19:13
      "
"-135.156,00",0,"
        19:12
      "
"7.114,00",14,"
        19:12
      "
"14.546,00",10,"
        19:11
      "
"11.504,00",1,"
        19:11
      "
"9.314,00",1,"
        19:10
      "
"13.699,00",12,"
        19:10
      "
"13.825,00",11,"
        19:09
      "
"9.210,00",9,"
        19:09
      "
"10.188,00",2,"
        19:08
      "
"8.818,00",13,"
        19:08
      "
"13.196,00",1,"
        19:07
      "
"13.938,00",6,"
        19:07
      "
"-155.743,00",0,"
        19:06
      "
"13.060,00",5,"
        19:06
      "
"6.060,00",8,"
        19:05
      "
"13.131,00",7,"
        19:05
      "
"13.682,00",3,"
        19:04
      "
"13.409,00",2,"
        19:04
      "
"13.803,00",3,"
        19:03
      "
"14.168,00",1,"
        19:03
      "
"9.877,00",6,"
        19:02
      "
"10.865,00",8,"
        19:02
      "
"12.498,00",8,"
        19:01
      "
"15.146,00",11,"
        19:01
      "
"9.353,00",2,"
        19:00
      "
"13.496,00",8,"
        19:00
      "
"10.778,00",8,"
        18:59
      "
"13.044,00",14,"
        18:59
      "
"13.955,00",7,"
        18:58
      "
"9.593,00",4,"
        18:58
      "
"10.018,00",1,"
        18:57
      "
"9.767,00",10,"
        18:57
      "
"13.077,00",14,"
        18:56
      "
"-130.492,00",0,"
        18:56
      "
"9.975,00",9,"
        18:55
      "
"9.270,00",14,"
        18:55
      "
"10.963,00",6,"
        18:54
      "
"10.554,00",5,"
        18:54
      "
"16.986,00",7,"
        18:53
      "
"5.956,00",2,"
        18:53
      "
"14.976,00",14,"
        18:52
      "
"-115.867,00",0,"
        18:52
      "
"12.912,00",2,"
        18:51
      "
"11.099,00",11,"
        18:51
      "
"14.016,00",1,"
        18:50
      "
"8.544,00",5,"
        18:50
      "
"15.544,00",13,"
        18:49
      "
"-135.177,00",0,"
        18:49
      "
"12.962,00",11,"
        18:48
      "
"7.682,00",6,"
        18:48
      "
"46.678,00",9,"
        18:47
      "
"13.333,00",9,"
        18:47
      "
"12.699,00",12,"
        18:46
      "
"13.130,00",8,"
        18:46
      "
"23.226,00",4,"
        18:45
      "
"21.086,00",7,"
        18:45
      "
"17.226,00",4,"
        18:44
      "
"8.261,00",2,"
        18:44
      "
"13.470,00",9,"
        18:43
      "
"-119.807,00",0,"
        18:43
      "
"8.304,00",7,"
        18:42
      "
"13.415,00",9,"
        18:42
      "
"-135.156,00",0,"
        18:41
      "
"8.648,00",8,"
        18:41
      "
"8.234,00",12,"
        18:40
      "
"18.138,00",5,"
        18:40
      "
"10.472,00",2,"
        18:39
      "
"14.468,00",8,"
        18:39
      "
"14.305,00",7,"
        18:38
      "
"11.913,00",8,"
        18:38
      "
"13.595,00",4,"
        18:37
      "
"11.552,00",5,"
        18:37
      "
"5.732,00",11,"
        18:36
      "
"18.962,00",1,"
        18:36
      "
"16.510,00",4,"
        18:35
      "
"16.565,00",3,"
        18:35
      "
"-139.454,00",0,"
        18:34
      "
"7.840,00",4,"
        18:34
      "
"8.517,00",2,"
        18:33
      "
"6.660,00",7,"
        18:33
      "
"9.860,00",11,"
        18:32
      "
"11.891,00",14,"
        18:32
      "
"15.146,00",13,"
        18:31
      "
"10.161,00",1,"
        18:31
      "
"15.664,00",13,"
        18:30
      "
"11.307,00",12,"
        18:30
      "
"12.148,00",12,"
        18:29
      "
"7.971,00",5,"
        18:29
      "
"18.710,00",10,"
        18:28
      "
"19.284,00",12,"
        18:28
      "
"15.146,00",9,"
        18:27
      "
"13.338,00",9,"
        18:27
      "
"11.771,00",13,"
        18:26
      "
"7.393,00",9,"
        18:26
      "
"11.569,00",4,"
        18:25
      "
"16.166,00",6,"
        18:25
      "
"12.732,00",13,"
        18:24
      "
"13.693,00",1,"
        18:24
      "
"5.995,00",4,"
        18:23
      "
"13.158,00",12,"
        18:23
      "
"18.498,00",14,"
        18:22
      "
"9.620,00",1,"
        18:22
      "
"12.175,00",8,"
        18:21
      "
"14.714,00",8,"
        18:21
      "
"-155.558,00",0,"
        18:20
      "
"8.643,00",1,"
        18:20
      "
"9.216,00",7,"
        18:19
      "
"15.800,00",13,"
        18:19
      "
"10.035,00",13,"
        18:18
      "
"7.791,00",14,"
        18:18
      "
"14.671,00",4,"
        18:17
      "
"9.402,00",5,"
        18:17
      "
"13.075,00",10,"
        18:16
      "
"15.496,00",13,"
        18:16
      "
"8.981,00",2,"
        18:15
      "
"12.667,00",13,"
        18:15
      "
"17.515,00",13,"
        18:14
      "
"-170.789,00",0,"
        18:14
      "
"9.434,00",1,"
        18:13
      "
"12.433,00",14,"
        18:13
      "
"17.974,00",10,"
        18:12
      "
"12.890,00",7,"
        18:12
      "
"-1.480,00",3,"
        18:11
      "
"28.675,00",8,"
        18:11
      "
"21.430,00",12,"
        18:10
      "
"18.454,00",13,"
        18:10
      "
"16.183,00",11,"
        18:09
      "
"15.959,00",13,"
        18:09
      "
"16.712,00",8,"
        18:08
      "
"14.807,00",10,"
        18:08
      "
"8.026,00",14,"
        18:07
      "
"27.321,00",2,"
        18:07
      "
"18.220,00",4,"
        18:06
      "
"20.530,00",1,"
        18:06
      "
"18.842,00",7,"
        18:05
      "
"-143.426,00",0,"
        18:05
      "
"11.739,00",7,"
        18:04
      "
"12.476,00",3,"
        18:04
      "
"12.186,00",4,"
        18:03
      "
"-115.340,00",0,"
        18:03
      "
"12.481,00",10,"
        18:02
      "
"10.695,00",13,"
        18:02
      "
"15.403,00",5,"
        18:01
      "
"-156.355,00",0,"
        18:01
      "
"9.074,00",9,"
        18:00
      "
"9.555,00",9,"
        18:00
      "
"11.619,00",5,"
        17:59
      "
"14.976,00",6,"
        17:59
      "
"16.631,00",2,"
        17:58
      "
"13.338,00",10,"
        17:58
      "
"14.686,00",1,"
        17:57
      "
"16.019,00",3,"
        17:57
      "
"15.478,00",2,"
        17:56
      "
"16.276,00",4,"
        17:56
      "
"12.290,00",14,"
        17:55
      "
"10.424,00",9,"
        17:55
      "
"8.178,00",7,"
        17:54
      "
"11.651,00",13,"
        17:54
      "
"9.647,00",9,"
        17:53
      "
"13.403,00",14,"
        17:53
      "
"-204.408,00",0,"
        17:52
      "
"14.069,00",1,"
        17:52
      "
"14.059,00",3,"
        17:51
      "
"12.612,00",13,"
        17:51
      "
"-20.847,00",9,"
        17:50
      "
"24.242,00",5,"
        17:50
      "
"27.043,00",4,"
        17:49
      "
"20.786,00",6,"
        17:49
      "
"14.741,00",6,"
        17:48
      "
"14.703,00",1,"
        17:48
      "
"2.822,00",8,"
        17:47
      "
"17.903,00",6,"
        17:47
      "
"15.534,00",5,"
        17:46
      "
"17.973,00",1,"
        17:46
      "
"15.036,00",4,"
        17:45
      "
"5.672,00",1,"
        17:45
      "
"13.055,00",9,"
        17:44
      "
"12.104,00",14,"
        17:44
      "
"11.242,00",12,"
        17:43
      "
"11.815,00",13,"
        17:43
      "
"16.947,00",4,"
        17:42
      "
"-109.620,00",0,"
        17:42
      "
"13.557,00",2,"
        17:41
      "
"3.090,00",10,"
        17:41
      "
"14.272,00",1,"
        17:40
      "
"3.658,00",4,"
        17:40
      "
"4.640,00",9,"
        17:39
      "
"8.091,00",13,"
        17:39
      "
"19.813,00",5,"
        17:38
      "
"-169.259,00",0,"
        17:38
      "
"16.816,00",4,"
        17:37
      "
"9.724,00",6,"
        17:37
      "
"8.195,00",13,"
        17:36
      "
"13.666,00",4,"
        17:36
      "
"-135.938,00",0,"
        17:35
      "
"9.320,00",11,"
        17:35
      "
"7.572,00",4,"
        17:34
      "
"4.919,00",1,"
        17:34
      "
"9.150,00",10,"
        17:33
      "
"10.795,00",11,"
        17:33
      "
"-257,00",5,"
        17:32
      "
"12.094,00",14,"
        17:32
      "
"8.070,00",9,"
        17:31
      "
"12.247,00",13,"
        17:31
      "
"10.101,00",6,"
        17:30
      "
"791,00",3,"
        17:30
      "
"13.627,00",11,"
        17:29
      "
"9.784,00",12,"
        17:29
      "
"8.233,00",13,"
        17:28
      "
"7.414,00",7,"
        17:28
      "
"6.606,00",11,"
        17:27
      "
"19.639,00",6,"
        17:27
      "
"12.869,00",11,"
        17:26
      "
"12.312,00",2,"
        17:26
      "
"7.295,00",14,"
        17:25
      "
"18.624,00",5,"
        17:25
      "
"16.233,00",4,"
        17:24
      "
"13.813,00",6,"
        17:24
      "
"22.134,00",7,"
        17:23
      "
"-148.799,00",0,"
        17:23
      "
"9.205,00",1,"
        17:22
      "
"12.973,00",13,"
        17:22
      "
"13.475,00",10,"
        17:21
      "
"-140.694,00",0,"
        17:21
      "
"14.529,00",6,"
        17:20
      "
"-135.267,00",0,"
        17:20
      "
"3.325,00",4,"
        17:19
      "
"18.306,00",14,"
        17:19
      "
"11.089,00",12,"
        17:18
      "
"13.737,00",8,"
        17:18
      "
"-137.451,00",0,"
        17:17
      "
"4.722,00",1,"
        17:17
      "
"13.819,00",11,"
        17:16
      "
"13.731,00",9,"
        17:16
      "
"12.323,00",10,"
        17:15
      "
"9.647,00",1,"
        17:15
      "
"8.168,00",11,"
        17:14
      "
"15.730,00",1,"
        17:14
      "
"5.608,00",1,"
        17:13
      "
"11.662,00",10,"
        17:13
      "
"12.584,00",5,"
        17:12
      "
"8.343,00",12,"
        17:12
      "
"16.341,00",3,"
        17:11
      "
"16.838,00",4,"
        17:11
      "
"-148.179,00",0,"
        17:10
      "
"16.396,00",4,"
        17:10
      "
"11.891,00",1,"
        17:09
      "
"10.428,00",13,"
        17:09
      "
"13.448,00",2,"
        17:08
      "
"8.823,00",13,"
        17:08
      "
"7.398,00",10,"
        17:07
      "
"16.980,00",2,"
        17:07
      "
"12.339,00",7,"
        17:06
      "
"8.216,00",5,"
        17:06
      "
"5.771,00",12,"
        17:05
      "
"6.098,00",2,"
        17:05
      "
"13.272,00",9,"
        17:04
      "
"11.225,00",7,"
        17:04
      "
"8.561,00",8,"
        17:03
      "
"15.348,00",5,"
        17:03
      "
"13.431,00",6,"
        17:02
      "
"14.474,00",7,"
        17:02
      "
"-182.678,00",0,"
        17:01
      "
"13.005,00",6,"
        17:01
      "
"12.705,00",14,"
        17:00
      "
"14.835,00",5,"
        17:00
      "
"10.756,00",6,"
        16:59
      "
"15.375,00",11,"
        16:59
      "
"11.368,00",11,"
        16:58
      "
"8.419,00",9,"
        16:58
      "
"14.086,00",1,"
        16:57
      "
"12.094,00",1,"
        16:57
      "
"17.160,00",10,"
        16:56
      "
"15.370,00",13,"
        16:56
      "
"9.419,00",14,"
        16:55
      "
"14.965,00",2,"
        16:55
      "
"10.739,00",1,"
        16:54
      "
"8.337,00",12,"
        16:54
      "
"11.149,00",1,"
        16:53
      "
"12.869,00",5,"
        16:53
      "
"1.938,00",14,"
        16:52
      "
"56.980,00",5,"
        16:52
      "
"61.556,00",5,"
        16:51
      "
"36.008,00",7,"
        16:51
      "
"22.965,00",3,"
        16:50
      "
"13.207,00",5,"
        16:50
      "
"-165.819,00",0,"
        16:49
      "
"12.919,00",12,"
        16:49
      "
"15.293,00",1,"
        16:48
      "
"-144.450,00",0,"
        16:48
      "
"7.862,00",6,"
        16:47
      "
"17.024,00",9,"
        16:47
      "
"14.026,00",13,"
        16:46
      "
"11.373,00",1,"
        16:46
      "
"10.455,00",10,"
        16:45
      "
"8.708,00",1,"
        16:45
      "
"6.709,00",10,"
        16:44
      "
"13.623,00",1,"
        16:44
      "
"9.953,00",10,"
        16:43
      "
"-4.810,00",1,"
        16:43
      "
"18.426,00",14,"
        16:42
      "
"13.197,00",14,"
        16:42
      "
"11.542,00",9,"
        16:41
      "
"10.138,00",8,"
        16:41
      "
"13.279,00",13,"
        16:40
      "
"2.538,00",4,"
        16:40
      "
"19.153,00",8,"
        16:39
      "
"10.112,00",10,"
        16:39
      "
"10.346,00",12,"
        16:38
      "
"10.226,00",10,"
        16:38
      "
"13.802,00",3,"
        16:37
      "
"17.935,00",2,"
        16:37
      "
"5.961,00",6,"
        16:36
      "
"15.708,00",8,"
        16:36
      "
"18.198,00",13,"
        16:35
      "
"18.182,00",14,"
        16:35
      "
"19.104,00",12,"
        16:34
      "
"12.416,00",9,"
        16:34
      "
"17.319,00",9,"
        16:33
      "
"12.558,00",4,"
        16:33
      "
"13.901,00",12,"
        16:32
      "
"12.470,00",9,"
        16:32
      "
"13.595,00",2,"
        16:31
      "
"12.246,00",2,"
        16:31
      "
"13.796,00",8,"
        16:30
      "
"8.107,00",4,"
        16:30
      "
"15.457,00",10,"
        16:29
      "
"15.124,00",14,"
        16:29
      "
"6.743,00",12,"
        16:28
      "
"11.963,00",6,"
        16:28
      "
"9.424,00",10,"
        16:27
      "
"16.669,00",5,"
        16:27
      "
"-178.647,00",0,"
        16:26
      "
"-125.423,00",0,"
        16:26
      "
"19.743,00",14,"
        16:25
      "
"10.663,00",8,"
        16:25
      "
"15.653,00",5,"
        16:24
      "
"16.030,00",14,"
        16:24
      "
"15.997,00",4,"
        16:23
      "
"14.927,00",2,"
        16:23
      "
"12.552,00",2,"
        16:22
      "
"13.769,00",13,"
        16:22
      "
"13.475,00",10,"
        16:21
      "
"14.845,00",12,"
        16:21
      "
"-193.181,00",0,"
        16:20
      "
"12.901,00",3,"
        16:20
      "
"17.592,00",1,"
        16:19
      "
"18.231,00",6,"
        16:19
      "
"13.322,00",1,"
        16:18
      "
"15.773,00",10,"
        16:18
      "
"16.074,00",11,"
        16:17
      "
"11.673,00",4,"
        16:17
      "
"17.275,00",14,"
        16:16
      "
"25.280,00",9,"
        16:16
      "
"18.902,00",10,"
        16:15
      "
"9.276,00",10,"
        16:15
      "
"15.063,00",11,"
        16:14
      "
"-154.204,00",0,"
        16:14
      "
"15.604,00",9,"
        16:13
      "
"12.541,00",14,"
        16:13
      "
"17.499,00",3,"
        16:12
      "
